[
    {
        "nameResourceKey":  "TableHeaders.policyType",
        "descriptionResourceKey":  "",
        "entityKey":  "SettingDetails.appProtectionPolicy",
        "dataType":  200,
        "booleanActions":  0,
        "category": 1000
    },
    {
        "nameResourceKey":  "SettingDetails.platformSupported",
        "descriptionResourceKey":  "",
        "entityKey":  "AppProtection.iOSPlatformLabel",
        "dataType":  200,
        "booleanActions":  0,
        "category": 1000
    },
    {
        "entityKey":  "targetedAppManagementLevels",
        "nameResourceKey":  "managementType",        
        "descriptionResourceKey":  "",
        "dataType":  13,
        "category": "SettingDetails.Apps",
            "options":  [
                {
                    "nameResourceKey":  "AppProtection.allAppTypes",
                    "descriptionResourceKey":  "",
                    "value":  "unspecified"
                },
                {
                    "nameResourceKey":  "AppProtection.appsOnUnmanagedDevices",
                    "descriptionResourceKey":  "",
                    "value":  "unmanaged"
                },
                {
                    "nameResourceKey":  "AppProtection.appsOnIntuneManagedDevices",
                    "descriptionResourceKey":  "",
                    "value":  "mdm"
                },
                {
                    "nameResourceKey":  "AppProtection.appsInAndroidWorkProfile",
                    "descriptionResourceKey":  "",
                    "value":  "androidEnterprise"
                }
            ]
    },
    {
        "nameResourceKey":  "publicApps",
        "descriptionResourceKey":  "",
        "entityKey":  "apps",
        "dataType":  21,
        "category": "SettingDetails.Apps"
    },


    {
        "dataType":  8,
        "nameResourceKey":  "dataTransfer"
    },    
    {
        "nameResourceKey":  "TAPSettings.IOSBackup.label",
        "descriptionResourceKey":  "TAPSettings.IOSBackup.tooltip",
        "entityKey":  "dataBackupBlocked",
        "dataType":  0,
        "booleanActions":  100,
        "category": "SettingDetails.dataProtection"
    },
    {
        "nameResourceKey":  "TAPSettings.SendData.label",
        "descriptionResourceKey":  "TAPSettings.SendData.tooltip",
        "entityKey":  "sendDataSelector",
        "dataType":  16,
        "booleanActions":  0,
        "category": "SettingDetails.dataProtection",
        "options":  [
            {
                "nameResourceKey":  "policyManagedAppsOptionText",
                "descriptionResourceKey":  "",
                "value":  "managedApps"
            },
            {
                "nameResourceKey":  "allAppsOptionText",
                "descriptionResourceKey":  "",
                "value":  "allApps"
            },
            {
                "nameResourceKey":  "noneOptionText",
                "descriptionResourceKey":  "",
                "value":  "none"
            },
            {
                "nameResourceKey":  "managedAppsWithOpenInSharing",
                "descriptionResourceKey":  "",
                "value":  "managedAppsWithOpenInSharing"
            },
            {
                "nameResourceKey":  "managedAppsWithOSSharing",
                "descriptionResourceKey":  "",
                "value":  "managedAppsWithOSSharing"
            }
        ]            
    },
    {
        "nameResourceKey":  "selectExemptApps",
        "descriptionResourceKey":  "",
        "entityKey":  "exemptedAppProtocols",
        "dataType":  21,
        "category": "SettingDetails.dataProtection",
        "Columns": [
            {
                "metadata": {
                    "entityKey": "Name"
                }
            },
            {
                "metadata": {
                    "entityKey": "Value"
                }
            }
        ]
    },
    {
        "nameResourceKey":  "TAPSettings.SaveData.label",
        "descriptionResourceKey":  "TAPSettings.SaveData.tooltip",
        "entityKey":  "saveAsBlocked",
        "dataType":  0,
        "booleanActions":  100,
        "category": "SettingDetails.dataProtection"
    },
    {
        "nameResourceKey":  "TAPSettings.SaveDataToSelected.label",
        "descriptionResourceKey":  "TAPSettings.SaveDataToSelected.tooltip",
        "entityKey":  "allowedDataStorageLocations",
        "dataType":  13,
        "booleanActions":  0,
        "category": "SettingDetails.dataProtection",
        "options":  [
            {
                "nameResource":  "OneDrive for Business",
                "descriptionResourceKey":  "",
                "value":  "oneDriveForBusiness"
            },
            {
                "nameResource":  "SharePoint",
                "descriptionResourceKey":  "",
                "value":  "sharePoint"
            },
            {
                "nameResourceKey":  "localStorage",
                "descriptionResourceKey":  "",
                "value":  "localStorage"
            }
        ]
    },
    {
        "nameResourceKey":  "TAPSettings.DialerRestrictionLevel.label",
        "descriptionResourceKey":  "TAPSettings.DialerRestrictionLevel.tooltip",
        "entityKey":  "dialerRestrictionLevel",
        "dataType":  16,
        "booleanActions":  0,
        "category": "SettingDetails.dataProtection",
        "options":  [
            {
                "nameResourceKey":  "anyDialerAppOptionText",
                "descriptionResourceKey":  "",
                "value":  "allApps"
            },
            {
                "nameResourceKey":  "anyPolicyManagedDialerAppOptionText",
                "descriptionResourceKey":  "",
                "value":  "managedApps"
            },
            {
                "nameResourceKey":  "customDialerAppOptionText",
                "descriptionResourceKey":  "",
                "value":  "customApp"
            },
            {
                "nameResourceKey":  "noneDialerAppOptionText",
                "descriptionResourceKey":  "",
                "value":  "blocked"
            }
        ]
    },
    {
        "nameResourceKey":  "TAPSettings.CustomDialerAppProtocol.label",
        "descriptionResourceKey":  "",
        "entityKey":  "customDialerAppProtocol",
        "dataType":  20,
        "booleanActions":  0,
        "category": "SettingDetails.dataProtection"
    },
    {
        "nameResourceKey":  "TAPSettings.ReceiveData.label",
        "descriptionResourceKey":  "TAPSettings.ReceiveData.tooltip",
        "entityKey":  "allowedInboundDataTransferSources",
        "dataType":  16,
        "booleanActions":  0,
        "category": "SettingDetails.dataProtection",
        "options":  [
            {
                "nameResourceKey":  "allAppsOptionText",
                "descriptionResourceKey":  "",
                "value":  "allApps"
            },
            {
                "nameResourceKey":  "policyManagedAppsOptionText",
                "descriptionResourceKey":  "",
                "value":  "managedApps"
            },
            {
                "nameResourceKey":  "none",
                "descriptionResourceKey":  "",
                "value":  "none"
            }
        ]
    },
    {
        "nameResourceKey":  "TAPSettings.BlockDataIngestionIntoOrganizationDocuments.label",
        "descriptionResourceKey":  "",
        "entityKey":  "blockDataIngestionIntoOrganizationDocuments",
        "dataType":  0,
        "booleanActions":  100,
        "category": "SettingDetails.dataProtection",
        "childSettings": [
                        
        ]
    },
    {
        "nameResourceKey":  "TAPSettings.AllowedDataIngestionLocations.label",
        "descriptionResourceKey":  "TAPSettings.AllowedDataIngestionLocations.tooltip",
        "entityKey":  "allowedDataIngestionLocations",
        "dataType":  13,
        "booleanActions":  0,
        "category": "SettingDetails.dataProtection",
        "options":  [
            {
                "nameResource":  "OneDrive for Business",
                "descriptionResourceKey":  "",
                "value":  "oneDriveForBusiness"
            },
            {
                "nameResource":  "SharePoint",
                "descriptionResourceKey":  "",
                "value":  "sharePoint"
            },
            {
                "nameResourceKey":  "camera",
                "descriptionResourceKey":  "",
                "value":  "camera"
            }
        ]
    },    
    {
        "nameResourceKey":  "TAPSettings.Cutcopypaste.label",
        "descriptionResourceKey":  "TAPSettings.Cutcopypaste.tooltip",
        "entityKey":  "allowedOutboundClipboardSharingLevel",
        "dataType":  16,
        "booleanActions":  0,
        "category": "SettingDetails.dataProtection",
        "options":  [
            {
                "nameResourceKey":  "anyAppOptionText",
                "descriptionResourceKey":  "",
                "value":  "allApps"
            },
            {
                "nameResourceKey":  "policyManagedAppsOptionText",
                "descriptionResourceKey":  "",
                "value":  "managedApps"
            },
            {
                "nameResourceKey":  "policyManagedAppsWithPasteInOptionText",
                "descriptionResourceKey":  "",
                "value":  "managedAppsWithPasteIn"
            },
            {
                "nameResourceKey":  "blockedOptionText",
                "descriptionResourceKey":  "",
                "value":  "blocked"
            }
        ]
    },
    {
        "nameResourceKey":  "cCPExceptionLabel",
        "descriptionResourceKey":  "",
        "entityKey":  "allowedOutboundClipboardSharingExceptionLength",
        "dataType":  14,
        "category": "SettingDetails.dataProtection"
    },
    {
        "nameResourceKey":  "TAPSettings.ThirdPartyKeyboards.label",
        "descriptionResourceKey":  "TAPSettings.ThirdPartyKeyboards.tooltip",
        "entityKey":  "thirdPartyKeyboardsBlocked",
        "dataType":  0,
        "booleanActions":  100,
        "category": "SettingDetails.dataProtection",
        "childSettings": [
                        
        ]
    },
    {
        "dataType":  8,
        "nameResourceKey":  "encryption"
    }, 
    {
        "nameResourceKey":  "TAPSettings.EncryptData.label",
        "descriptionResourceKey":  "TAPSettings.EncryptData.tooltip",
        "entityKey":  "encryptOrgData",
        "dataType":  0,
        "booleanActions":  101,
        "category": "SettingDetails.dataProtection",
        "childSettings": [
                        
        ]
    },
    {
        "dataType":  8,
        "nameResourceKey":  "functionality"
    }, 
    {
        "nameResourceKey":  "TAPSettings.SyncContacts.label",
        "descriptionResourceKey":  "",
        "entityKey":  "contactSyncBlocked",
        "dataType":  0,
        "booleanActions":  100,
        "category": "SettingDetails.dataProtection",
        "childSettings": [
                        
        ]
    },
    {
        "nameResourceKey":  "TAPSettings.Printing.label",
        "descriptionResourceKey":  "TAPSettings.Printing.tooltip",
        "entityKey":  "printBlocked",
        "dataType":  0,
        "booleanActions":  100,
        "category": "SettingDetails.dataProtection",
        "childSettings": [
                        
        ]
    },
    {
        "nameResourceKey":  "TAPSettings.OpenLinksManagedBrowser.label",
        "descriptionResourceKey":  "TAPSettings.OpenLinksManagedBrowser.tooltip",
        "entityKey":  "managedBrowserSelection",
        "dataType":  16,
        "booleanActions":  0,
        "category": "SettingDetails.dataProtection",
        "options":  [
            {
                "nameResourceKey":  "anyAppOptionText",
                "descriptionResourceKey":  "",
                "value":  "notConfigured"
            },
            {
                "nameResourceKey":  "microsoftEdgeOptionText",
                "descriptionResourceKey":  "",
                "value":  "microsoftEdge"
            },
            {
                "nameResourceKey":  "unmanagedBrowserOptionText",
                "descriptionResourceKey":  "",
                "value":  "unmanagedBrowser"
            }
        ]
    },
    {
        "nameResourceKey":  "TAPSettings.CustomBrowserProtocol.label",
        "descriptionResourceKey":  "TAPSettings.CustomBrowserProtocol.tooltip",
        "entityKey":  "customBrowserProtocol",
        "dataType":  20,
        "booleanActions":  0,
        "category": "SettingDetails.dataProtection"
    },
    {
        "nameResourceKey":  "TAPSettings.NotificationRestriction.label",
        "descriptionResourceKey":  "TAPSettings.NotificationRestriction.tooltip",
        "entityKey":  "notificationRestriction",
        "dataType":  16,
        "booleanActions":  0,
        "category": "SettingDetails.dataProtection",
        "options":  [
            {
                "nameResourceKey":  "allowOption",
                "descriptionResourceKey":  "",
                "value":  "allow"
            },
            {
                "nameResourceKey":  "blockOrgDataOptionText",
                "descriptionResourceKey":  "",
                "value":  "blockOrganizationalData"
            },
            {
                "nameResourceKey":  "blockOption",
                "descriptionResourceKey":  "",
                "value":  "block"
            }
        ]
    },


    {
        "dataType":  8,
        "nameResourceKey":  "empty"
    }, 
    {
        "nameResourceKey":  "TAPSettings.PinAccess.label",
        "descriptionResourceKey":  "TAPSettings.PinAccess.tooltip",
        "entityKey":  "pinRequired",
        "dataType":  0,
        "booleanActions":  101,
        "category": "SettingDetails.accessRequirements"
    },
    {
        "nameResourceKey":  "TAPSettings.PinType.label",
        "descriptionResourceKey":  "TAPSettings.PinType.tooltip",
        "entityKey":  "pinCharacterSet",
        "dataType":  16,
        "booleanActions":  0,
        "category": "SettingDetails.accessRequirements",
        "options":  [
            {
                "nameResourceKey":  "numericOption",
                "descriptionResourceKey":  "",
                "value":  "numeric"
            },
            {
                "nameResourceKey":  "alphanumericOption",
                "descriptionResourceKey":  "",
                "value":  "alphanumericAndSymbol"
            }
        ]        
    },
    {
        "nameResourceKey":  "TAPSettings.SimplePin.label",
        "descriptionResourceKey":  "TAPSettings.SimplePin.tooltip",
        "entityKey":  "simplePinBlocked",
        "dataType":  0,
        "booleanActions":  100,
        "category": "SettingDetails.accessRequirements"
    },
    {
        "nameResourceKey":  "TAPSettings.PinLength.label",
        "descriptionResourceKey":  "TAPSettings.PinLength.tooltip",
        "entityKey":  "minimumPinLength",
        "dataType":  14,
        "booleanActions":  0,
        "category": "SettingDetails.accessRequirements"
    },
    {
        "nameResourceKey":  "TAPSettings.AndroidFingerprint.label",
        "descriptionResourceKey":  "TAPSettings.AndroidFingerprint.tooltip",
        "entityKey":  "fingerprintBlocked",
        "dataType":  0,
        "booleanActions":  100,
        "category": "SettingDetails.accessRequirements"
    },
    {
        "nameResourceKey":  "TAPSettings.AndroidOverrideFingerprint.label",
        "descriptionResourceKey":  "",
        "entityKey":  "overrideFingerprint",
        "dataType":  0,
        "booleanActions":  101,
        "category": "SettingDetails.accessRequirements",
        "childSettings": [
            
        ]
    },
    {
        "nameResourceKey":  "TAPSettings.Timeout.label",
        "descriptionResourceKey":  "",
        "entityKey":  "pinRequiredInsteadOfBiometricTimeout",
        "dataType":  100,
        "booleanActions":  0,
        "category": "SettingDetails.accessRequirements"
    },
    {
        "nameResourceKey":  "TAPSettings.IOSFaceID.label",
        "descriptionResourceKey":  "TAPSettings.IOSFaceID.tooltip",
        "entityKey":  "faceIdBlocked",
        "dataType":  0,
        "booleanActions":  100,
        "category": "SettingDetails.accessRequirements"
    },
    {
        "nameResourceKey":  "TAPSettings.Tap.pinResetAfterNumberOfDays",
        "descriptionResourceKey":  "",
        "entityKey":  "pinReset",
        "dataType":  0,
        "booleanActions":  109,
        "category": "SettingDetails.accessRequirements"
    },
    {
        "nameResourceKey":  "TAPSettings.Tap.numberOfDays",
        "descriptionResourceKey":  "",
        "entityKey":  "periodBeforePinReset",
        "dataType":  100,
        "booleanActions":  0,
        "category": "SettingDetails.accessRequirements"
    },
    {
        "nameResourceKey":  "TAPSettings.AppPIN.label",
        "descriptionResourceKey":  "TAPSettings.AppPIN.tooltip",
        "entityKey":  "disableAppPinIfDevicePinIsSet",
        "dataType":  0,
        "booleanActions":  201,
        "category": "SettingDetails.accessRequirements"
    },
    {
        "nameResourceKey":  "TAPSettings.CredentialsForAccess.label",
        "descriptionResourceKey":  "TAPSettings.CredentialsForAccess.tooltip",
        "entityKey":  "organizationalCredentialsRequired",
        "dataType":  0,
        "booleanActions":  101,
        "category": "SettingDetails.accessRequirements"
    },
    {
        "nameResourceKey":  "TAPSettings.RecheckAccessAfter.label",
        "descriptionResourceKey":  "TAPSettings.RecheckAccessAfter.tooltip",
        "entityKey":  "periodOnlineBeforeAccessCheck",
        "dataType":  100,
        "booleanActions":  0,
        "category": "SettingDetails.accessRequirements"
    },


    {
        "dataType":  8,
        "nameResourceKey":  ""
    },
    {
        "nameResourceKey":  "SettingDetails.conditionalLaunch",
        "descriptionResourceKey":  "",
        "entityKey":  "ConditionalLaunchSettings",
        "dataType":  21,
        "category": "SettingDetails.conditionalLaunch",
        "Columns": [
            {
                "metadata": {
                    "entityKey": "Setting"
                }
            },
            {
                "metadata": {
                    "entityKey": "Value"
                }
            },
            {
                "metadata": {
                    "entityKey": "Action"
                }
            }
        ]
    }
]