[
    {
        "nameResourceKey":  "TableHeaders.policyType",
        "descriptionResourceKey":  "",
        "entityKey":  "SettingDetails.appProtectionPolicy",
        "dataType":  200,
        "booleanActions":  0,
        "category": 1000
    },
    {
        "nameResourceKey":  "SettingDetails.platformSupported",
        "descriptionResourceKey":  "",
        "entityKey":  "AppProtection.windows10PlatformLabel",
        "dataType":  200,
        "booleanActions":  0,
        "category": 1000
    },
    {
        "nameResourceKey":  "WipPolicySettings.enrollmentState",
        "descriptionResourceKey":  "",
        "entityKey":  "WipPolicySettings.withEnrollment",
        "dataType":  200,
        "booleanActions":  0,
        "category": 1000
    },
    {
        "nameResourceKey":  "wipPolicyProtectedAppsTitle",
        "descriptionResourceKey":  "",
        "entityKey":  "protectedApps",
        "dataType":  21,
        "category": "SettingDetails.policyAppsTargetedTitle",
        "Columns": [
            {
                "metadata": {
                    "entityKey": "displayName"
                }
            },
            {
                "metadata": {
                    "entityKey": "productName"
                }
            },
            {
                "metadata": {
                    "entityKey": "publisherName"
                }
            },
            {
                "metadata": {
                    "entityKey": "denied"
                }
            }
        ]
    },
    {
        "nameResourceKey":  "wipPolicyExemptAppsTitle",
        "descriptionResourceKey":  "",
        "entityKey":  "exemptAppLockerFiles",
        "dataType":  21,
        "category": "SettingDetails.policyAppsTargetedTitle",
        "Columns": [
            {
                "metadata": {
                    "entityKey": "displayName"
                }
            },
            {
                "metadata": {
                    "entityKey": "productName"
                }
            },
            {
                "metadata": {
                    "entityKey": "publisherName"
                }
            },
            {
                "metadata": {
                    "entityKey": "denied"
                }
            }
        ]
    },

    {
        "nameResourceKey":  "WipPolicySettings.wipProtectionMode",
        "descriptionResourceKey":  "",
        "entityKey":  "enforcementLevel",
        "dataType":  16,
        "booleanActions":  0,
        "category": "SettingDetails.requiredSettings",
        "options":  [
            {
                "nameResourceKey":  "offOption",
                "descriptionResourceKey":  "",
                "value":  "noProtection"
            },
            {
                "nameResourceKey":  "silent",
                "descriptionResourceKey":  "",
                "value":  "encryptAndAuditOnly"
            },
            {
                "nameResourceKey":  "allowOverrides",
                "descriptionResourceKey":  "",
                "value":  "encryptAuditAndPrompt"
            },
            {
                "nameResourceKey":  "block",
                "descriptionResourceKey":  "",
                "value":  "encryptAuditAndBlock"
            }
        ]            
    },
    {
        "nameResourceKey":  "WipPolicySettings.corporateIdentity",
        "descriptionResourceKey":  "wipCorpIdentityTooltip",
        "entityKey":  "enterpriseDomain",
        "dataType":  20,
        "booleanActions":  0,
        "category": "SettingDetails.requiredSettings"
    },
    {
        "nameResourceKey":  "networkPerimeter",
        "descriptionResourceKey":  "",
        "dataType":  8,
        "booleanActions":  0
    },
    {
        "nameResourceKey":  "WipPolicySettings.protectedDomainNames",
        "descriptionResourceKey":  "",
        "entityKey":  "enterpriseProtectedDomainNames",
        "dataType":  21,
        "category": "SettingDetails.advancedSettings",
        "Columns": [
            {
                "metadata": {
                    "entityKey": "displayName"
                }
            },
            {
                "metadata": {
                    "entityKey": "resources"
                }
            }
        ]
    },
    {
        "nameResourceKey":  "WipPolicySettings.proxyServers",
        "descriptionResourceKey":  "",
        "entityKey":  "enterpriseProxyServers",
        "dataType":  21,
        "category": "SettingDetails.advancedSettings",
        "Columns": [
            {
                "metadata": {
                    "entityKey": "displayName"
                }
            },
            {
                "metadata": {
                    "entityKey": "resources"
                }
            }
        ]
    },
    {
        "nameResourceKey":  "WipPolicySettings.internalProxyServers",
        "descriptionResourceKey":  "",
        "entityKey":  "enterpriseInternalProxyServers",
        "dataType":  21,
        "category": "SettingDetails.advancedSettings",
        "Columns": [
            {
                "metadata": {
                    "entityKey": "displayName"
                }
            },
            {
                "metadata": {
                    "entityKey": "resources"
                }
            }
        ]
    },
    {
        "nameResourceKey":  "WipPolicySettings.iPv4Ranges",
        "descriptionResourceKey":  "",
        "entityKey":  "enterpriseIPRanges",
        "dataType":  21,
        "category": "SettingDetails.advancedSettings",
        "Columns": [
            {
                "metadata": {
                    "entityKey": "displayName"
                }
            },
            {
                "metadata": {
                    "entityKey": "ranges"
                }
            }
        ]
    },
    {
        "nameResourceKey":  "WipPolicySettings.networkDomainNames",
        "descriptionResourceKey":  "",
        "entityKey":  "enterpriseNetworkDomainNames",
        "dataType":  21,
        "category": "SettingDetails.advancedSettings",
        "Columns": [
            {
                "metadata": {
                    "entityKey": "displayName"
                }
            },
            {
                "metadata": {
                    "entityKey": "resources"
                }
            }
        ]
    },
    {
        "nameResourceKey":  "WipPolicySettings.neutralResources",
        "descriptionResourceKey":  "",
        "entityKey":  "neutralDomainResources",
        "dataType":  21,
        "category": "SettingDetails.advancedSettings",
        "Columns": [
            {
                "metadata": {
                    "entityKey": "displayName"
                }
            },
            {
                "metadata": {
                    "entityKey": "resources"
                }
            }
        ]
    },
    {
        "nameResourceKey":  "WipPolicySettings.cloudResources",
        "descriptionResourceKey":  "",
        "entityKey":  "enterpriseProxiedDomains",
        "dataType":  21,
        "category": "SettingDetails.advancedSettings",
        "Columns": [
            {
                "metadata": {
                    "entityKey": "displayName"
                }
            },
            {
                "metadata": {
                    "entityKey": "proxiedDomains"
                }
            }
        ]
    },
    {
        "nameResourceKey":  "WipPolicySettings.authoritativeProxyServers",
        "descriptionResourceKey":  "Tooltips.WipPolicySettings.authoritativeProxyServers",
        "entityKey":  "enterpriseProxyServersAreAuthoritative",
        "dataType":  0,
        "booleanActions":  120,
        "category": "SettingDetails.advancedSettings"
    },
    {
        "nameResourceKey":  "WipPolicySettings.authoritativeIpRanges",
        "descriptionResourceKey":  "Tooltips.WipPolicySettings.authoritativeIpRanges",
        "entityKey":  "enterpriseIPRangesAreAuthoritative",
        "dataType":  0,
        "booleanActions":  120,
        "category": "SettingDetails.advancedSettings"
    },

    {
        "nameResourceKey":  "dataProtection",
        "descriptionResourceKey":  "",
        "dataType":  8,
        "booleanActions":  0
    },
    {
        "nameResourceKey":  "WipPolicySettings.dataRecoveryCert",
        "descriptionResourceKey":  "Tooltips.WipPolicySettings.dataRecoveryCert",
        "entityKey":  "dataRecoveryCertificate",
        "dataType":  21,
        "booleanActions":  0,
        "category": "SettingDetails.advancedSettings",
        "Columns": [
            {
                "metadata": {
                    "entityKey": "description"
                }
            }
        ]
    },
    {
        "nameResourceKey":  "WipPolicySettings.protectUnderLock",
        "descriptionResourceKey":  "Tooltips.WipPolicySettings.protectUnderLock",
        "entityKey":  "protectionUnderLockConfigRequired",
        "dataType":  0,
        "booleanActions":  120,
        "category": "SettingDetails.advancedSettings"
    },
    {
        "nameResourceKey":  "WipPolicySettings.revokeOnUnenroll",
        "descriptionResourceKey":  "Tooltips.WipPolicySettings.revokeOnUnenroll",
        "entityKey":  "revokeOnUnenrollDisabled",
        "dataType":  0,
        "booleanActions":  220,
        "category": "SettingDetails.advancedSettings"
    },
    {
        "nameResourceKey":  "WipPolicySettings.revokeOnMdmHandoff",
        "descriptionResourceKey":  "Tooltips.WipPolicySettings.revokeOnMdmHandoff",
        "entityKey":  "revokeOnMdmHandoffDisabled",
        "dataType":  0,
        "booleanActions":  220,
        "category": "SettingDetails.advancedSettings"
    },
    {
        "nameResourceKey":  "WipPolicySettings.showWipIcon",
        "descriptionResourceKey":  "Tooltips.WipPolicySettings.showWipIcon",
        "entityKey":  "iconsVisible",
        "dataType":  0,
        "booleanActions":  120,
        "category": "SettingDetails.advancedSettings"
    },
    {
        "nameResourceKey":  "WipPolicySettings.useRmsForWip",
        "descriptionResourceKey":  "Tooltips.WipPolicySettings.useRmsForWip",
        "entityKey":  "azureRightsManagementServicesAllowed",
        "dataType":  0,
        "booleanActions":  120,
        "category": "SettingDetails.advancedSettings"
    },
    {
        "nameResourceKey":  "WipPolicySettings.rmsTemplateForEdp",
        "descriptionResourceKey":  "Tooltips.WipPolicySettings.rmsTemplateForEdp",
        "entityKey":  "rightsManagementServicesTemplateId",
        "dataType":  20,
        "booleanActions":  0,
        "category": "SettingDetails.advancedSettings"
    },
    {
        "nameResourceKey":  "wipAllowIndexingTitle",
        "descriptionResourceKey":  "",
        "entityKey":  "indexingEncryptedStoresOrItemsBlocked",
        "dataType":  0,
        "booleanActions":  220,
        "category": "SettingDetails.advancedSettings"
    },    
    {
        "nameResourceKey":  "wipSMBStringListTitle",
        "descriptionResourceKey":  "",
        "entityKey":  "smbAutoEncryptedFileExtensions",
        "dataType":  21,
        "category": "SettingDetails.advancedSettings",
        "Columns": [
            {
                "metadata": {
                    "entityKey": "displayName"
                }
            },
            {
                "metadata": {
                    "entityKey": "resources"
                }
            }
        ]
    }
]