[
    {
        "nameResourceKey":  "TableHeaders.configurationType",
        "descriptionResourceKey":  "",
        "entityKey":  "WindowsManagement.customAttributeObjectName",
        "dataType":  200,
        "booleanActions":  0,
        "category": 1000
    },
    {
        "nameResourceKey":  "WindowsManagement.CustomAttributes.customAttributeTypeLabel",
        "descriptionResourceKey":  "",
        "entityKey":  "customAttributeType",
        "dataType":  16,
        "booleanActions":  0,
        "category": "WindowsManagement.scriptsettingsTabHeader",
        "options":  [
            {
                "nameResourceKey":  "WindowsManagement.CustomAttributes.dateTypeOption",
                "descriptionResourceKey":  "",
                "value":  "date"
            },
            {
                "nameResourceKey":  "WindowsManagement.CustomAttributes.stringTypeOption",
                "descriptionResourceKey":  "",
                "value":  "string"
            },
            {
                "nameResourceKey":  "WindowsManagement.CustomAttributes.integerTypeOption",
                "descriptionResourceKey":  "",
                "value":  "integer"
            }
        ]        
    },    
    {
        "nameResourceKey":  "WindowsManagement.customAttributeObjectName",
        "descriptionResourceKey":  "",
        "entityKey":  "fileName",
        "dataType":  20,
        "booleanActions":  0,
        "category": "WindowsManagement.scriptsettingsTabHeader"
    }
]    