[
    {
        "nameResourceKey":  "SoftwareUpdates.IosUpdatePolicy.Settings.IOSVersion.updateToInstall",
        "descriptionResourceKey":  "",
        "entityKey":  "versionInfo",
        "dataType":  20,
        "booleanActions":  0,
        "category":  "TableHeaders.settings"
    },
    {
        "nameResourceKey":  "SoftwareUpdates.IosUpdatePolicy.Settings.Schedule.label",
        "descriptionResourceKey":  "SoftwareUpdates.IosUpdatePolicy.Settings.Schedule.infoBalloon",
        "entityKey":  "updateScheduleType",
        "dataType":  16,
        "booleanActions":  0,
        "category":  "TableHeaders.settings",
        "options":  [
            {
                "nameResourceKey":  "SoftwareUpdates.IosUpdatePolicy.Settings.Schedule.outsideActiveHours",
                "descriptionResourceKey":  "",
                "value":  "updateOutsideOfActiveHours"
            },
            {
                "nameResourceKey":  "SoftwareUpdates.IosUpdatePolicy.Settings.Schedule.always",
                "descriptionResourceKey":  "",
                "value":  "alwaysUpdate"
            },
            {
                "nameResourceKey":  "SoftwareUpdates.IosUpdatePolicy.Settings.Schedule.duringTimeWindows",
                "descriptionResourceKey":  "",
                "value":  "updateDuringTimeWindows"
            },
            {
                "nameResourceKey":  "SoftwareUpdates.IosUpdatePolicy.Settings.Schedule.outsideTimeWindows",
                "descriptionResourceKey":  "",
                "value":  "updateOutsideOfTimeWindows"
            }
        ]            
    },
    {
        "dataType":  16,
        "category":  "TableHeaders.settings",
        "nameResourceKey":  "timeZoneName",
        "descriptionResourceKey":  "timeZoneDescription",
        "childSettings":  [

                          ],
        "options":  [
                        {
                            "nameResourceKey":  "utcMinusTwelveOption",
                            "value":  -720,
                            "enabled":  true
                        },
                        {
                            "nameResourceKey":  "utcMinusElevenOption",
                            "value":  -660,
                            "enabled":  true
                        },
                        {
                            "nameResourceKey":  "utcMinusTenOption",
                            "value":  -600,
                            "enabled":  true
                        },
                        {
                            "nameResourceKey":  "utcMinusNineThirtyOption",
                            "value":  -570,
                            "enabled":  true
                        },
                        {
                            "nameResourceKey":  "utcMinusNineOption",
                            "value":  -540,
                            "enabled":  true
                        },
                        {
                            "nameResourceKey":  "utcMinusEightOption",
                            "value":  -480,
                            "enabled":  true
                        },
                        {
                            "nameResourceKey":  "utcMinusSevenOption",
                            "value":  -420,
                            "enabled":  true
                        },
                        {
                            "nameResourceKey":  "utcMinusSixOption",
                            "value":  -360,
                            "enabled":  true
                        },
                        {
                            "nameResourceKey":  "utcMinusFiveOption",
                            "value":  -300,
                            "enabled":  true
                        },
                        {
                            "nameResourceKey":  "utcMinusFourOption",
                            "value":  -240,
                            "enabled":  true
                        },
                        {
                            "nameResourceKey":  "utcMinusThreeThirtyOption",
                            "value":  -210,
                            "enabled":  true
                        },
                        {
                            "nameResourceKey":  "utcMinusThreeOption",
                            "value":  -180,
                            "enabled":  true
                        },
                        {
                            "nameResourceKey":  "utcMinusTwoOption",
                            "value":  -120,
                            "enabled":  true
                        },
                        {
                            "nameResourceKey":  "utcMinusOneOption",
                            "value":  -60,
                            "enabled":  true
                        },
                        {
                            "nameResourceKey":  "utcZeroOption",
                            "value":  0,
                            "enabled":  true
                        },
                        {
                            "nameResourceKey":  "utcPlusOneOption",
                            "value":  60,
                            "enabled":  true
                        },
                        {
                            "nameResourceKey":  "utcPlusTwoOption",
                            "value":  120,
                            "enabled":  true
                        },
                        {
                            "nameResourceKey":  "utcPlusThreeOption",
                            "value":  180,
                            "enabled":  true
                        },
                        {
                            "nameResourceKey":  "utcPlusThreeThirtyOption",
                            "value":  210,
                            "enabled":  true
                        },
                        {
                            "nameResourceKey":  "utcPlusFourOption",
                            "value":  240,
                            "enabled":  true
                        },
                        {
                            "nameResourceKey":  "utcPlusFourThirtyOption",
                            "value":  270,
                            "enabled":  true
                        },
                        {
                            "nameResourceKey":  "utcPlusFiveOption",
                            "value":  300,
                            "enabled":  true
                        },
                        {
                            "nameResourceKey":  "utcPlusFiveThirtyOption",
                            "value":  330,
                            "enabled":  true
                        },
                        {
                            "nameResourceKey":  "utcPlusFiveFourtyFiveOption",
                            "value":  345,
                            "enabled":  true
                        },
                        {
                            "nameResourceKey":  "utcPlusSixOption",
                            "value":  360,
                            "enabled":  true
                        },
                        {
                            "nameResourceKey":  "utcPlusSixThirtyOption",
                            "value":  390,
                            "enabled":  true
                        },
                        {
                            "nameResourceKey":  "utcPlusSevenOption",
                            "value":  420,
                            "enabled":  true
                        },
                        {
                            "nameResourceKey":  "utcPlusEightOption",
                            "value":  480,
                            "enabled":  true
                        },
                        {
                            "nameResourceKey":  "utcPlusEightThirtyOption",
                            "value":  510,
                            "enabled":  true
                        },
                        {
                            "nameResourceKey":  "utcPlusEightFourtyFiveOption",
                            "value":  525,
                            "enabled":  true
                        },
                        {
                            "nameResourceKey":  "utcPlusNineOption",
                            "value":  540,
                            "enabled":  true
                        },
                        {
                            "nameResourceKey":  "utcPlusTenOption",
                            "value":  600,
                            "enabled":  true
                        },
                        {
                            "nameResourceKey":  "utcPlusTenThirtyOption",
                            "value":  630,
                            "enabled":  true
                        },
                        {
                            "nameResourceKey":  "utcPlusElevenOption",
                            "value":  660,
                            "enabled":  true
                        },
                        {
                            "nameResourceKey":  "utcPlusTwelveOption",
                            "value":  720,
                            "enabled":  true
                        },
                        {
                            "nameResourceKey":  "utcPlusTwelveFourtyFiveOption",
                            "value":  765,
                            "enabled":  true
                        },
                        {
                            "nameResourceKey":  "utcPlusThirteenOption",
                            "value":  780,
                            "enabled":  true
                        },
                        {
                            "nameResourceKey":  "utcPlusFourteenOption",
                            "value":  840,
                            "enabled":  true
                        }
                    ],
        "entityKey":  "utcTimeOffsetInMinutes",
        "booleanActions":  0,
        "defaultValue":  0,
        "policyType":  51,
        "enabled":  true
    },
    {
        "nameResourceKey":  "timeWindowName",
        "descriptionResourceKey":  "",
        "entityKey":  "timeWidows",
        "dataType":  20,
        "booleanActions":  0,
        "category":  "TableHeaders.settings"
    }
]