{
    "applicationsandgames_macgeneral":  {
                                            "isSettingDescription":  false,
                                            "showAsSectionHeader":  true,
                                            "dataType":  8,
                                            "category":  8,
                                            "nameResourceKey":  "automatedDeviceEnrollmentHeaderNameMac",
                                            "descriptionResourceKey":  "automatedDeviceEnrollmentHeaderDescriptionMac",
                                            "childSettings":  [
                                                                  {
                                                                      "dataType":  0,
                                                                      "category":  8,
                                                                      "nameResourceKey":  "addingGameCenterFriendsBlockedMacName",
                                                                      "descriptionResourceKey":  "addingGameCenterFriendsBlockedMacDescription",
                                                                      "childSettings":  [

                                                                                        ],
                                                                      "options":  [

                                                                                  ],
                                                                      "entityKey":  "addingGameCenterFriendsBlocked",
                                                                      "booleanActions":  9,
                                                                      "defaultValue":  false,
                                                                      "policyType":  61,
                                                                      "enabled":  true
                                                                  },
                                                                  {
                                                                      "dataType":  0,
                                                                      "category":  8,
                                                                      "nameResourceKey":  "gameCenterBlockedMacName",
                                                                      "descriptionResourceKey":  "gameCenterBlockedMacDescription",
                                                                      "childSettings":  [

                                                                                        ],
                                                                      "options":  [

                                                                                  ],
                                                                      "entityKey":  "gameCenterBlocked",
                                                                      "booleanActions":  9,
                                                                      "defaultValue":  false,
                                                                      "policyType":  61,
                                                                      "enabled":  true
                                                                  },
                                                                  {
                                                                      "dataType":  0,
                                                                      "category":  8,
                                                                      "nameResourceKey":  "multiplayerGamingBlockedMacName",
                                                                      "descriptionResourceKey":  "multiplayerGamingBlockedMacDescription",
                                                                      "childSettings":  [

                                                                                        ],
                                                                      "options":  [

                                                                                  ],
                                                                      "entityKey":  "multiplayerGamingBlocked",
                                                                      "booleanActions":  9,
                                                                      "defaultValue":  false,
                                                                      "policyType":  61,
                                                                      "enabled":  true
                                                                  }
                                                              ],
                                            "options":  [

                                                        ],
                                            "booleanActions":  0,
                                            "policyType":  61,
                                            "enabled":  true
                                        }
}
