{
    "applicationvisibility_iosgeneral":  [
                                             {
                                                 "isSettingDescription":  false,
                                                 "showAsSectionHeader":  false,
                                                 "dataType":  8,
                                                 "category":  6,
                                                 "nameResourceKey":  "IosGeneralApplicationVisibilityHeader",
                                                 "childSettings":  [

                                                                   ],
                                                 "options":  [

                                                             ],
                                                 "booleanActions":  0,
                                                 "policyType":  46,
                                                 "enabled":  true
                                             },
                                             {
                                                 "isSettingDescription":  false,
                                                 "showAsSectionHeader":  true,
                                                 "dataType":  8,
                                                 "category":  6,
                                                 "nameResourceKey":  "automatedDeviceEnrollmentHeaderName",
                                                 "descriptionResourceKey":  "automatedDeviceEnrollmentHeaderDescription",
                                                 "childSettings":  [
                                                                       {
                                                                           "dataType":  16,
                                                                           "category":  6,
                                                                           "nameResourceKey":  "visibleAppsListOptionsName",
                                                                           "descriptionResourceKey":  "visibleAppsListOptionsDescription",
                                                                           "childSettings":  [
                                                                                                 {
                                                                                                     "columns":  [
                                                                                                                     {
                                                                                                                         "metadata":  {
                                                                                                                                          "dataType":  20,
                                                                                                                                          "category":  6,
                                                                                                                                          "nameResourceKey":  "appUrlName",
                                                                                                                                          "descriptionResourceKey":  "empty",
                                                                                                                                          "emptyValueResourceKey":  "kioskModeAppStoreExample",
                                                                                                                                          "childSettings":  [

                                                                                                                                                            ],
                                                                                                                                          "options":  [

                                                                                                                                                      ],
                                                                                                                                          "entityKey":  "appStoreUrl",
                                                                                                                                          "booleanActions":  0,
                                                                                                                                          "policyType":  46,
                                                                                                                                          "enabled":  true
                                                                                                                                      }
                                                                                                                     },
                                                                                                                     {
                                                                                                                         "metadata":  {
                                                                                                                                          "dataType":  20,
                                                                                                                                          "category":  6,
                                                                                                                                          "nameResourceKey":  "appBundleIdColumn",
                                                                                                                                          "descriptionResourceKey":  "empty",
                                                                                                                                          "emptyValueResourceKey":  "bundleIdExample",
                                                                                                                                          "childSettings":  [

                                                                                                                                                            ],
                                                                                                                                          "options":  [

                                                                                                                                                      ],
                                                                                                                                          "entityKey":  "appId",
                                                                                                                                          "booleanActions":  0,
                                                                                                                                          "policyType":  46,
                                                                                                                                          "enabled":  true
                                                                                                                                      }
                                                                                                                     },
                                                                                                                     {
                                                                                                                         "metadata":  {
                                                                                                                                          "dataType":  20,
                                                                                                                                          "category":  6,
                                                                                                                                          "nameResourceKey":  "appNameName",
                                                                                                                                          "descriptionResourceKey":  "empty",
                                                                                                                                          "childSettings":  [

                                                                                                                                                            ],
                                                                                                                                          "options":  [

                                                                                                                                                      ],
                                                                                                                                          "entityKey":  "name",
                                                                                                                                          "booleanActions":  0,
                                                                                                                                          "policyType":  46,
                                                                                                                                          "enabled":  true
                                                                                                                                      }
                                                                                                                     },
                                                                                                                     {
                                                                                                                         "metadata":  {
                                                                                                                                          "dataType":  20,
                                                                                                                                          "category":  6,
                                                                                                                                          "nameResourceKey":  "appPublisherName",
                                                                                                                                          "descriptionResourceKey":  "empty",
                                                                                                                                          "childSettings":  [

                                                                                                                                                            ],
                                                                                                                                          "options":  [

                                                                                                                                                      ],
                                                                                                                                          "entityKey":  "publisher",
                                                                                                                                          "booleanActions":  0,
                                                                                                                                          "policyType":  46,
                                                                                                                                          "enabled":  true
                                                                                                                                      }
                                                                                                                     }
                                                                                                                 ],
                                                                                                     "dataType":  21,
                                                                                                     "category":  6,
                                                                                                     "nameResourceKey":  "appListTableName",
                                                                                                     "descriptionResourceKey":  "iosAppUrlHelp",
                                                                                                     "childSettings":  [

                                                                                                                       ],
                                                                                                     "options":  [

                                                                                                                 ],
                                                                                                     "entityKey":  "appsVisibilityList",
                                                                                                     "booleanActions":  0,
                                                                                                     "policyType":  46,
                                                                                                     "enabled":  true
                                                                                                 }
                                                                                             ],
                                                                           "options":  [
                                                                                           {
                                                                                               "nameResourceKey":  "notConfigured",
                                                                                               "value":  "none",
                                                                                               "enabled":  true
                                                                                           },
                                                                                           {
                                                                                               "nameResourceKey":  "hideAppsList",
                                                                                               "value":  "appsNotInListCompliant",
                                                                                               "enabled":  true
                                                                                           },
                                                                                           {
                                                                                               "nameResourceKey":  "showAppsList",
                                                                                               "value":  "appsInListCompliant",
                                                                                               "enabled":  true
                                                                                           }
                                                                                       ],
                                                                           "entityKey":  "appsVisibilityListType",
                                                                           "booleanActions":  0,
                                                                           "defaultValue":  "none",
                                                                           "unconfiguredValue":  "none",
                                                                           "policyType":  46,
                                                                           "enabled":  true
                                                                       }
                                                                   ],
                                                 "options":  [

                                                             ],
                                                 "booleanActions":  0,
                                                 "policyType":  46,
                                                 "enabled":  true
                                             }
                                         ]
}
