{
    "autonomoussingleappmode_iosgeneral":  [
                                               {
                                                   "isSettingDescription":  false,
                                                   "showAsSectionHeader":  false,
                                                   "dataType":  8,
                                                   "category":  13,
                                                   "nameResourceKey":  "IosGeneralAutonomousSingleAppModeHeader",
                                                   "childSettings":  [

                                                                     ],
                                                   "options":  [

                                                               ],
                                                   "booleanActions":  0,
                                                   "policyType":  46,
                                                   "enabled":  true
                                               },
                                               {
                                                   "isSettingDescription":  false,
                                                   "showAsSectionHeader":  true,
                                                   "dataType":  8,
                                                   "category":  13,
                                                   "nameResourceKey":  "automatedDeviceEnrollmentHeaderName",
                                                   "descriptionResourceKey":  "automatedDeviceEnrollmentHeaderDescription",
                                                   "childSettings":  [
                                                                         {
                                                                             "columns":  [
                                                                                             {
                                                                                                 "metadata":  {
                                                                                                                  "dataType":  20,
                                                                                                                  "category":  13,
                                                                                                                  "nameResourceKey":  "singleAppModeAppNameName",
                                                                                                                  "descriptionResourceKey":  "singleAppModeAppNameDescription",
                                                                                                                  "childSettings":  [

                                                                                                                                    ],
                                                                                                                  "options":  [

                                                                                                                              ],
                                                                                                                  "entityKey":  "name",
                                                                                                                  "booleanActions":  0,
                                                                                                                  "policyType":  46,
                                                                                                                  "enabled":  true
                                                                                                              }
                                                                                             },
                                                                                             {
                                                                                                 "metadata":  {
                                                                                                                  "dataType":  20,
                                                                                                                  "category":  13,
                                                                                                                  "nameResourceKey":  "singleAppModeBundleIdsName",
                                                                                                                  "descriptionResourceKey":  "singleAppModeBundleIdsDescription",
                                                                                                                  "childSettings":  [

                                                                                                                                    ],
                                                                                                                  "options":  [

                                                                                                                              ],
                                                                                                                  "entityKey":  "appId",
                                                                                                                  "booleanActions":  0,
                                                                                                                  "policyType":  46,
                                                                                                                  "enabled":  true
                                                                                                              }
                                                                                             }
                                                                                         ],
                                                                             "dataType":  21,
                                                                             "category":  13,
                                                                             "nameResourceKey":  "Empty",
                                                                             "descriptionResourceKey":  "Empty",
                                                                             "childSettings":  [

                                                                                               ],
                                                                             "options":  [

                                                                                         ],
                                                                             "entityKey":  "appsSingleAppModeList",
                                                                             "booleanActions":  0,
                                                                             "policyType":  46,
                                                                             "enabled":  true
                                                                         }
                                                                     ],
                                                   "options":  [

                                                               ],
                                                   "booleanActions":  0,
                                                   "policyType":  46,
                                                   "enabled":  true
                                               }
                                           ]
}
