{
    "cloudandstorage_androidgeneral":  [
                                           {
                                               "dataType":  0,
                                               "category":  21,
                                               "nameResourceKey":  "blockGoogleBackupName",
                                               "descriptionResourceKey":  "blockGoogleBackupDescription",
                                               "childSettings":  [

                                                                 ],
                                               "options":  [

                                                           ],
                                               "entityKey":  "storageBlockGoogleBackup",
                                               "booleanActions":  3,
                                               "defaultValue":  false,
                                               "policyType":  20,
                                               "enabled":  true
                                           },
                                           {
                                               "dataType":  0,
                                               "category":  21,
                                               "nameResourceKey":  "blockGoogleAccountAutoSyncName",
                                               "descriptionResourceKey":  "blockGoogleAccountAutoSyncDescription",
                                               "childSettings":  [

                                                                 ],
                                               "options":  [

                                                           ],
                                               "entityKey":  "googleAccountBlockAutoSync",
                                               "booleanActions":  3,
                                               "defaultValue":  false,
                                               "policyType":  20,
                                               "enabled":  true
                                           },
                                           {
                                               "dataType":  0,
                                               "category":  21,
                                               "nameResourceKey":  "knoxBlockRemovableStorageName",
                                               "descriptionResourceKey":  "BlockRemovableStorageAndroidDescription",
                                               "childSettings":  [

                                                                 ],
                                               "options":  [

                                                           ],
                                               "entityKey":  "storageBlockRemovableStorage",
                                               "booleanActions":  3,
                                               "defaultValue":  false,
                                               "policyType":  20,
                                               "enabled":  true
                                           },
                                           {
                                               "dataType":  0,
                                               "category":  21,
                                               "nameResourceKey":  "knoxRequireEncryptionOnRemovableStorageName",
                                               "descriptionResourceKey":  "knoxRequireEncryptionOnRemovableStorageDescription",
                                               "childSettings":  [

                                                                 ],
                                               "options":  [

                                                           ],
                                               "entityKey":  "storageRequireRemovableStorageEncryption",
                                               "booleanActions":  1,
                                               "defaultValue":  false,
                                               "policyType":  20,
                                               "enabled":  true
                                           }
                                       ]
}
