{
    "cloudandstorage_windows8general":  [
                                            {
                                                "dataType":  20,
                                                "category":  21,
                                                "nameResourceKey":  "workFoldersURLName",
                                                "descriptionResourceKey":  "workFoldersURLDescription",
                                                "childSettings":  [

                                                                  ],
                                                "options":  [

                                                            ],
                                                "entityKey":  "workFoldersUrl",
                                                "booleanActions":  0,
                                                "policyType":  92,
                                                "enabled":  true
                                            },
                                            {
                                                "dataType":  0,
                                                "category":  21,
                                                "nameResourceKey":  "microsoftAccountOptionalForMailName",
                                                "descriptionResourceKey":  "microsoftAccountOptionalForMailDescription",
                                                "childSettings":  [

                                                                  ],
                                                "options":  [

                                                            ],
                                                "entityKey":  "accountsBlockAddingNonMicrosoftAccountEmail",
                                                "booleanActions":  3,
                                                "defaultValue":  false,
                                                "policyType":  92,
                                                "enabled":  true
                                            }
                                        ]
}
