{
    "complianceemailprofile_complianceios":  {
                                                 "isSettingDescription":  false,
                                                 "showAsSectionHeader":  false,
                                                 "dataType":  8,
                                                 "category":  66,
                                                 "nameResourceKey":  "complianceEmailProfileHeader",
                                                 "childSettings":  [
                                                                       {
                                                                           "dataType":  0,
                                                                           "category":  66,
                                                                           "nameResourceKey":  "complianceEmailProfileRequired",
                                                                           "descriptionResourceKey":  "complianceEmailProfileRequiredDescription",
                                                                           "childSettings":  [

                                                                                             ],
                                                                           "options":  [

                                                                                       ],
                                                                           "entityKey":  "managedEmailProfileRequired",
                                                                           "booleanActions":  1,
                                                                           "defaultValue":  false,
                                                                           "policyType":  33,
                                                                           "enabled":  true
                                                                       }
                                                                   ],
                                                 "options":  [

                                                             ],
                                                 "booleanActions":  0,
                                                 "policyType":  33,
                                                 "enabled":  true
                                             }
}
