{
    "connectivity_androidgeneral":  [
                                        {
                                            "dataType":  0,
                                            "category":  24,
                                            "nameResourceKey":  "knoxBlockDataRoamingName",
                                            "descriptionResourceKey":  "BlockDataRoamingAndroidDescription",
                                            "childSettings":  [

                                                              ],
                                            "options":  [

                                                        ],
                                            "entityKey":  "cellularBlockDataRoaming",
                                            "booleanActions":  3,
                                            "defaultValue":  false,
                                            "policyType":  20,
                                            "enabled":  true
                                        },
                                        {
                                            "dataType":  0,
                                            "category":  24,
                                            "nameResourceKey":  "blockSMSAndMMSName",
                                            "descriptionResourceKey":  "blockSMSAndMMSAndroidDescription",
                                            "childSettings":  [

                                                              ],
                                            "options":  [

                                                        ],
                                            "entityKey":  "cellularBlockMessaging",
                                            "booleanActions":  3,
                                            "defaultValue":  false,
                                            "policyType":  20,
                                            "enabled":  true
                                        },
                                        {
                                            "dataType":  0,
                                            "category":  24,
                                            "nameResourceKey":  "knoxBlockVoiceDialingName",
                                            "descriptionResourceKey":  "blockVoiceDialingAndroidDescription",
                                            "childSettings":  [

                                                              ],
                                            "options":  [

                                                        ],
                                            "entityKey":  "voiceDialingBlocked",
                                            "booleanActions":  3,
                                            "defaultValue":  false,
                                            "policyType":  20,
                                            "enabled":  true
                                        },
                                        {
                                            "dataType":  0,
                                            "category":  24,
                                            "nameResourceKey":  "knoxBlockVoiceRoamingName",
                                            "descriptionResourceKey":  "blockVoiceRoamingAndroidDescription",
                                            "childSettings":  [

                                                              ],
                                            "options":  [

                                                        ],
                                            "entityKey":  "cellularBlockVoiceRoaming",
                                            "booleanActions":  3,
                                            "defaultValue":  false,
                                            "policyType":  20,
                                            "enabled":  true
                                        },
                                        {
                                            "dataType":  0,
                                            "category":  24,
                                            "nameResourceKey":  "knoxBlockBluetoothName",
                                            "descriptionResourceKey":  "blockBluetoothAndroidDescription",
                                            "childSettings":  [

                                                              ],
                                            "options":  [

                                                        ],
                                            "entityKey":  "bluetoothBlocked",
                                            "booleanActions":  3,
                                            "defaultValue":  false,
                                            "policyType":  20,
                                            "enabled":  true
                                        },
                                        {
                                            "dataType":  0,
                                            "category":  24,
                                            "nameResourceKey":  "knoxBlockNFCName",
                                            "descriptionResourceKey":  "blockNFCAndroidDescription",
                                            "childSettings":  [

                                                              ],
                                            "options":  [

                                                        ],
                                            "entityKey":  "nfcBlocked",
                                            "booleanActions":  3,
                                            "defaultValue":  false,
                                            "policyType":  20,
                                            "enabled":  true
                                        },
                                        {
                                            "dataType":  0,
                                            "category":  24,
                                            "nameResourceKey":  "knoxBlockWiFiName",
                                            "descriptionResourceKey":  "blockWiFiAndroidDescription",
                                            "childSettings":  [

                                                              ],
                                            "options":  [

                                                        ],
                                            "entityKey":  "wiFiBlocked",
                                            "booleanActions":  3,
                                            "defaultValue":  false,
                                            "policyType":  20,
                                            "enabled":  true
                                        },
                                        {
                                            "dataType":  0,
                                            "category":  24,
                                            "nameResourceKey":  "knoxBlockWiFiTetheringName",
                                            "descriptionResourceKey":  "blockWiFiTetheringAndroidDescription",
                                            "childSettings":  [

                                                              ],
                                            "options":  [

                                                        ],
                                            "entityKey":  "cellularBlockWiFiTethering",
                                            "booleanActions":  3,
                                            "defaultValue":  false,
                                            "policyType":  20,
                                            "enabled":  true
                                        }
                                    ]
}
