{
    "derivedcredentialauthenticationconfiguration_iosderivedcredentialauthenticationconfiguration":  [
                                                                                                         {
                                                                                                             "dataType":  9,
                                                                                                             "category":  38,
                                                                                                             "childSettings":  [
                                                                                                                                   {
                                                                                                                                       "dataType":  10,
                                                                                                                                       "category":  38,
                                                                                                                                       "nameResourceKey":  "derivedCredentialsSearchingForTenantLevel",
                                                                                                                                       "childSettings":  [

                                                                                                                                                         ],
                                                                                                                                       "options":  [

                                                                                                                                                   ],
                                                                                                                                       "booleanActions":  0,
                                                                                                                                       "policyType":  43,
                                                                                                                                       "enabled":  true
                                                                                                                                   },
                                                                                                                                   {
                                                                                                                                       "dataType":  10,
                                                                                                                                       "category":  38,
                                                                                                                                       "nameResourceKey":  "derivedCredentialsTenantLevelNotConfigured",
                                                                                                                                       "childSettings":  [

                                                                                                                                                         ],
                                                                                                                                       "options":  [

                                                                                                                                                   ],
                                                                                                                                       "booleanActions":  0,
                                                                                                                                       "policyType":  43,
                                                                                                                                       "enabled":  true
                                                                                                                                   }
                                                                                                                               ],
                                                                                                             "options":  [

                                                                                                                         ],
                                                                                                             "entityKey":  "derivedCredentialSettings@odata.bind",
                                                                                                             "booleanActions":  0,
                                                                                                             "policyType":  43,
                                                                                                             "enabled":  true
                                                                                                         },
                                                                                                         {
                                                                                                             "isSettingDescription":  false,
                                                                                                             "showAsSectionHeader":  false,
                                                                                                             "dataType":  8,
                                                                                                             "category":  38,
                                                                                                             "nameResourceKey":  "derivedCredentialAppAuthenticationHeader",
                                                                                                             "childSettings":  [

                                                                                                                               ],
                                                                                                             "options":  [

                                                                                                                         ],
                                                                                                             "booleanActions":  0,
                                                                                                             "policyType":  43,
                                                                                                             "enabled":  true
                                                                                                         },
                                                                                                         {
                                                                                                             "isSettingDescription":  false,
                                                                                                             "showAsSectionHeader":  false,
                                                                                                             "dataType":  8,
                                                                                                             "category":  38,
                                                                                                             "nameResourceKey":  "derivedCredentialAppAuthenticationHeaderLearnMore",
                                                                                                             "childSettings":  [

                                                                                                                               ],
                                                                                                             "options":  [

                                                                                                                         ],
                                                                                                             "booleanActions":  0,
                                                                                                             "policyType":  43,
                                                                                                             "enabled":  true
                                                                                                         }
                                                                                                     ]
}
