{
    "devicesecurity_androiddeviceownergeneral":  {
                                                     "isSettingDescription":  false,
                                                     "showAsSectionHeader":  true,
                                                     "dataType":  8,
                                                     "category":  45,
                                                     "nameResourceKey":  "allAndroidCorpEnrollmentTypesHeaderName",
                                                     "descriptionResourceKey":  "allAndroidCorpEnrollmentTypesHeaderDescription",
                                                     "childSettings":  [
                                                                           {
                                                                               "dataType":  0,
                                                                               "category":  45,
                                                                               "nameResourceKey":  "securityRequireVerifyAppsName",
                                                                               "descriptionResourceKey":  "securityRequireVerifyAppsDescription",
                                                                               "childSettings":  [

                                                                                                 ],
                                                                               "options":  [

                                                                                           ],
                                                                               "entityKey":  "securityRequireVerifyApps",
                                                                               "booleanActions":  1,
                                                                               "defaultValue":  true,
                                                                               "policyType":  2,
                                                                               "enabled":  true
                                                                           },
                                                                           {
                                                                               "dataType":  0,
                                                                               "category":  45,
                                                                               "nameResourceKey":  "securityCommonCriteriaModeName",
                                                                               "descriptionResourceKey":  "securityCommonCriteriaModeDescription",
                                                                               "childSettings":  [

                                                                                                 ],
                                                                               "options":  [

                                                                                           ],
                                                                               "entityKey":  "securityCommonCriteriaModeEnabled",
                                                                               "booleanActions":  1,
                                                                               "defaultValue":  false,
                                                                               "policyType":  2,
                                                                               "enabled":  true
                                                                           }
                                                                       ],
                                                     "options":  [

                                                                 ],
                                                     "booleanActions":  0,
                                                     "policyType":  2,
                                                     "enabled":  true
                                                 }
}
