{
    "devicehealth_complianceaospdeviceowner":  {
                                                   "dataType":  0,
                                                   "category":  39,
                                                   "nameResourceKey":  "complianceRootedAllowedName",
                                                   "descriptionResourceKey":  "complianceRootedAllowedDescription",
                                                   "childSettings":  [

                                                                     ],
                                                   "options":  [

                                                               ],
                                                   "entityKey":  "securityBlockJailbrokenDevices",
                                                   "booleanActions":  3,
                                                   "defaultValue":  false,
                                                   "policyType":  32,
                                                   "enabled":  true
                                               }
}
