{
    "devicerestrictions_aospdeviceownerdevice":  [
                                                     {
                                                         "dataType":  0,
                                                         "category":  44,
                                                         "nameResourceKey":  "blockAndroidCameraName",
                                                         "descriptionResourceKey":  "blockAndroidCameraDescription",
                                                         "childSettings":  [

                                                                           ],
                                                         "options":  [

                                                                     ],
                                                         "entityKey":  "cameraBlocked",
                                                         "booleanActions":  9,
                                                         "defaultValue":  false,
                                                         "policyType":  28,
                                                         "enabled":  true
                                                     },
                                                     {
                                                         "dataType":  0,
                                                         "category":  44,
                                                         "nameResourceKey":  "blockAndroidScreenCaptureName",
                                                         "descriptionResourceKey":  "blockAndroidScreenCaptureDescription",
                                                         "childSettings":  [

                                                                           ],
                                                         "options":  [

                                                                     ],
                                                         "entityKey":  "screenCaptureBlocked",
                                                         "booleanActions":  9,
                                                         "defaultValue":  false,
                                                         "policyType":  28,
                                                         "enabled":  true
                                                     },
                                                     {
                                                         "dataType":  0,
                                                         "category":  44,
                                                         "nameResourceKey":  "blockAndroidFactoryResetName",
                                                         "descriptionResourceKey":  "blockAndroidFactoryResetDescription",
                                                         "childSettings":  [

                                                                           ],
                                                         "options":  [

                                                                     ],
                                                         "entityKey":  "factoryResetBlocked",
                                                         "booleanActions":  9,
                                                         "defaultValue":  false,
                                                         "policyType":  28,
                                                         "enabled":  true
                                                     },
                                                     {
                                                         "dataType":  0,
                                                         "category":  44,
                                                         "nameResourceKey":  "blockStorageExternalMediaName",
                                                         "descriptionResourceKey":  "blockStorageExternalMediaDescription",
                                                         "childSettings":  [

                                                                           ],
                                                         "options":  [

                                                                     ],
                                                         "entityKey":  "storageBlockExternalMedia",
                                                         "booleanActions":  9,
                                                         "defaultValue":  false,
                                                         "policyType":  28,
                                                         "enabled":  true
                                                     },
                                                     {
                                                         "dataType":  0,
                                                         "category":  44,
                                                         "nameResourceKey":  "blockStorageUsbFileTransferName",
                                                         "descriptionResourceKey":  "blockStorageUsbFileTransferDescription",
                                                         "childSettings":  [

                                                                           ],
                                                         "options":  [

                                                                     ],
                                                         "entityKey":  "storageBlockUsbFileTransfer",
                                                         "booleanActions":  9,
                                                         "defaultValue":  false,
                                                         "policyType":  28,
                                                         "enabled":  true
                                                     },
                                                     {
                                                         "dataType":  0,
                                                         "category":  44,
                                                         "nameResourceKey":  "blockWiFiEditConfigurationsName",
                                                         "descriptionResourceKey":  "blockWiFiEditConfigurationsDescription",
                                                         "childSettings":  [

                                                                           ],
                                                         "options":  [

                                                                     ],
                                                         "entityKey":  "wifiBlockEditConfigurations",
                                                         "booleanActions":  9,
                                                         "defaultValue":  false,
                                                         "policyType":  28,
                                                         "enabled":  true
                                                     },
                                                     {
                                                         "dataType":  0,
                                                         "category":  44,
                                                         "nameResourceKey":  "blockAndroidBluetoothName",
                                                         "descriptionResourceKey":  "blockAndroidBluetoothDescription",
                                                         "childSettings":  [

                                                                           ],
                                                         "options":  [

                                                                     ],
                                                         "entityKey":  "bluetoothBlocked",
                                                         "booleanActions":  9,
                                                         "defaultValue":  false,
                                                         "policyType":  28,
                                                         "enabled":  true
                                                     },
                                                     {
                                                         "dataType":  0,
                                                         "category":  44,
                                                         "nameResourceKey":  "blockBluetoothConfigurationName",
                                                         "descriptionResourceKey":  "blockBluetoothConfigurationDescription",
                                                         "childSettings":  [

                                                                           ],
                                                         "options":  [

                                                                     ],
                                                         "entityKey":  "bluetoothBlockConfiguration",
                                                         "booleanActions":  9,
                                                         "defaultValue":  false,
                                                         "policyType":  28,
                                                         "enabled":  true
                                                     },
                                                     {
                                                         "dataType":  0,
                                                         "category":  44,
                                                         "nameResourceKey":  "allowSecurityDebuggingFeaturesName",
                                                         "descriptionResourceKey":  "allowSecurityDebuggingFeaturesDescription",
                                                         "childSettings":  [

                                                                           ],
                                                         "options":  [

                                                                     ],
                                                         "entityKey":  "securityAllowDebuggingFeatures",
                                                         "booleanActions":  9,
                                                         "defaultValue":  false,
                                                         "policyType":  28,
                                                         "enabled":  true
                                                     },
                                                     {
                                                         "dataType":  0,
                                                         "category":  44,
                                                         "nameResourceKey":  "blockAppsInstallFromUnknownSourcesName",
                                                         "descriptionResourceKey":  "blockAppsInstallFromUnknownSourcesDescription",
                                                         "childSettings":  [

                                                                           ],
                                                         "options":  [

                                                                     ],
                                                         "entityKey":  "appsBlockInstallFromUnknownSources",
                                                         "booleanActions":  9,
                                                         "defaultValue":  false,
                                                         "policyType":  28,
                                                         "enabled":  true
                                                     }
                                                 ]
}
