{
    "devicerestrictions_androidgeneral":  [
                                              {
                                                  "dataType":  0,
                                                  "category":  44,
                                                  "nameResourceKey":  "blockCameraName",
                                                  "descriptionResourceKey":  "blockCameraDescription",
                                                  "childSettings":  [

                                                                    ],
                                                  "options":  [

                                                              ],
                                                  "entityKey":  "cameraBlocked",
                                                  "booleanActions":  3,
                                                  "defaultValue":  false,
                                                  "policyType":  20,
                                                  "enabled":  true
                                              },
                                              {
                                                  "dataType":  0,
                                                  "category":  44,
                                                  "nameResourceKey":  "knoxBlockCopyAndPasteName",
                                                  "descriptionResourceKey":  "knoxBlockCopyAndPasteDescription",
                                                  "childSettings":  [

                                                                    ],
                                                  "options":  [

                                                              ],
                                                  "entityKey":  "appsBlockCopyPaste",
                                                  "booleanActions":  3,
                                                  "defaultValue":  false,
                                                  "policyType":  20,
                                                  "enabled":  true
                                              },
                                              {
                                                  "dataType":  0,
                                                  "category":  44,
                                                  "nameResourceKey":  "blockClipboardName",
                                                  "descriptionResourceKey":  "blockClipboardAndroidDescription",
                                                  "childSettings":  [

                                                                    ],
                                                  "options":  [

                                                              ],
                                                  "entityKey":  "appsBlockClipboardSharing",
                                                  "booleanActions":  3,
                                                  "defaultValue":  false,
                                                  "policyType":  20,
                                                  "enabled":  true
                                              },
                                              {
                                                  "dataType":  0,
                                                  "category":  44,
                                                  "nameResourceKey":  "knoxBlockDiagnosticDataSubmissionName",
                                                  "descriptionResourceKey":  "knoxBlockDiagnosticDataSubmissionDescription",
                                                  "childSettings":  [

                                                                    ],
                                                  "options":  [

                                                              ],
                                                  "entityKey":  "diagnosticDataBlockSubmission",
                                                  "booleanActions":  3,
                                                  "defaultValue":  false,
                                                  "policyType":  20,
                                                  "enabled":  true
                                              },
                                              {
                                                  "dataType":  0,
                                                  "category":  44,
                                                  "nameResourceKey":  "blockFactoryResetName",
                                                  "descriptionResourceKey":  "blockFactoryResetDescription",
                                                  "childSettings":  [

                                                                    ],
                                                  "options":  [

                                                              ],
                                                  "entityKey":  "factoryResetBlocked",
                                                  "booleanActions":  3,
                                                  "defaultValue":  false,
                                                  "policyType":  20,
                                                  "enabled":  true
                                              },
                                              {
                                                  "dataType":  0,
                                                  "category":  44,
                                                  "nameResourceKey":  "knoxBlockGeolocationName",
                                                  "descriptionResourceKey":  "knoxBlockGeolocationAndroidDescription",
                                                  "childSettings":  [

                                                                    ],
                                                  "options":  [

                                                              ],
                                                  "entityKey":  "locationServicesBlocked",
                                                  "booleanActions":  3,
                                                  "defaultValue":  false,
                                                  "policyType":  20,
                                                  "enabled":  true
                                              },
                                              {
                                                  "dataType":  0,
                                                  "category":  44,
                                                  "nameResourceKey":  "blockPowerOffName",
                                                  "descriptionResourceKey":  "blockPowerOffDescription",
                                                  "childSettings":  [

                                                                    ],
                                                  "options":  [

                                                              ],
                                                  "entityKey":  "powerOffBlocked",
                                                  "booleanActions":  3,
                                                  "defaultValue":  false,
                                                  "policyType":  20,
                                                  "enabled":  true
                                              },
                                              {
                                                  "dataType":  0,
                                                  "category":  44,
                                                  "nameResourceKey":  "knoxBlockScreenshotName",
                                                  "descriptionResourceKey":  "knoxBlockScreenshotDescription",
                                                  "childSettings":  [

                                                                    ],
                                                  "options":  [

                                                              ],
                                                  "entityKey":  "screenCaptureBlocked",
                                                  "booleanActions":  3,
                                                  "defaultValue":  false,
                                                  "policyType":  20,
                                                  "enabled":  true
                                              },
                                              {
                                                  "dataType":  0,
                                                  "category":  44,
                                                  "nameResourceKey":  "blockVoiceAssistantName",
                                                  "descriptionResourceKey":  "blockVoiceAssistantAndroidDescription",
                                                  "childSettings":  [

                                                                    ],
                                                  "options":  [

                                                              ],
                                                  "entityKey":  "voiceAssistantBlocked",
                                                  "booleanActions":  3,
                                                  "defaultValue":  false,
                                                  "policyType":  20,
                                                  "enabled":  true
                                              },
                                              {
                                                  "dataType":  0,
                                                  "category":  44,
                                                  "nameResourceKey":  "blockYouTubeName",
                                                  "descriptionResourceKey":  "blockYouTubeAndroidDescription",
                                                  "childSettings":  [

                                                                    ],
                                                  "options":  [

                                                              ],
                                                  "entityKey":  "appsBlockYouTube",
                                                  "booleanActions":  3,
                                                  "defaultValue":  false,
                                                  "policyType":  20,
                                                  "enabled":  true
                                              },
                                              {
                                                  "dataType":  0,
                                                  "category":  44,
                                                  "nameResourceKey":  "allowDeviceSharingName",
                                                  "descriptionResourceKey":  "allowDeviceSharingDescription",
                                                  "childSettings":  [

                                                                    ],
                                                  "options":  [

                                                              ],
                                                  "entityKey":  "deviceSharingAllowed",
                                                  "booleanActions":  0,
                                                  "defaultValue":  false,
                                                  "policyType":  20,
                                                  "enabled":  true
                                              },
                                              {
                                                  "dataType":  0,
                                                  "category":  44,
                                                  "nameResourceKey":  "dateAndTimeBlockChangesName",
                                                  "descriptionResourceKey":  "dateAndTimeBlockChangesDescription",
                                                  "childSettings":  [

                                                                    ],
                                                  "options":  [

                                                              ],
                                                  "entityKey":  "dateAndTimeBlockChanges",
                                                  "booleanActions":  3,
                                                  "defaultValue":  false,
                                                  "policyType":  20,
                                                  "enabled":  true
                                              }
                                          ]
}
