{
    "devicehealth_complianceandroidforwork":  [
                                                  {
                                                      "dataType":  0,
                                                      "category":  39,
                                                      "nameResourceKey":  "complianceRootedAllowedName",
                                                      "descriptionResourceKey":  "complianceRootedAllowedDescription",
                                                      "childSettings":  [

                                                                        ],
                                                      "options":  [

                                                                  ],
                                                      "entityKey":  "securityBlockJailbrokenDevices",
                                                      "booleanActions":  3,
                                                      "defaultValue":  false,
                                                      "policyType":  30,
                                                      "enabled":  true
                                                  },
                                                  {
                                                      "dataType":  16,
                                                      "category":  39,
                                                      "nameResourceKey":  "complianceDeviceThreatProtectionRequirementName",
                                                      "descriptionResourceKey":  "complianceDeviceThreatProtectionRequirementDescription",
                                                      "childSettings":  [

                                                                        ],
                                                      "options":  [
                                                                      {
                                                                          "nameResourceKey":  "notConfigured",
                                                                          "value":  "unavailable",
                                                                          "enabled":  true
                                                                      },
                                                                      {
                                                                          "nameResourceKey":  "secured",
                                                                          "value":  "secured",
                                                                          "enabled":  true
                                                                      },
                                                                      {
                                                                          "nameResourceKey":  "lowOption",
                                                                          "value":  "low",
                                                                          "enabled":  true
                                                                      },
                                                                      {
                                                                          "nameResourceKey":  "mediumOption",
                                                                          "value":  "medium",
                                                                          "enabled":  true
                                                                      },
                                                                      {
                                                                          "nameResourceKey":  "highOption",
                                                                          "value":  "high",
                                                                          "enabled":  true
                                                                      }
                                                                  ],
                                                      "entityKey":  "deviceThreatProtectionRequiredSecurityLevel",
                                                      "booleanActions":  0,
                                                      "defaultValue":  "unavailable",
                                                      "unconfiguredValue":  "unavailable",
                                                      "policyType":  30,
                                                      "enabled":  true
                                                  },
                                                  {
                                                      "isSettingDescription":  false,
                                                      "showAsSectionHeader":  false,
                                                      "dataType":  8,
                                                      "category":  39,
                                                      "nameResourceKey":  "googlePlayProtectHeader",
                                                      "childSettings":  [
                                                                            {
                                                                                "dataType":  0,
                                                                                "category":  39,
                                                                                "nameResourceKey":  "requireGooglePlayServicesName",
                                                                                "descriptionResourceKey":  "requireGooglePlayServicesDescription",
                                                                                "childSettings":  [

                                                                                                  ],
                                                                                "options":  [

                                                                                            ],
                                                                                "entityKey":  "securityRequireGooglePlayServices",
                                                                                "booleanActions":  1,
                                                                                "defaultValue":  false,
                                                                                "policyType":  30,
                                                                                "enabled":  true
                                                                            },
                                                                            {
                                                                                "dataType":  0,
                                                                                "category":  39,
                                                                                "nameResourceKey":  "requireUpToDateSecurityProvidersName",
                                                                                "descriptionResourceKey":  "requireUpToDateSecurityProvidersDescription",
                                                                                "childSettings":  [

                                                                                                  ],
                                                                                "options":  [

                                                                                            ],
                                                                                "entityKey":  "securityRequireUpToDateSecurityProviders",
                                                                                "booleanActions":  1,
                                                                                "defaultValue":  false,
                                                                                "policyType":  30,
                                                                                "enabled":  true
                                                                            },
                                                                            {
                                                                                "dataType":  16,
                                                                                "category":  39,
                                                                                "nameResourceKey":  "playIntegrityVerdictOptionsName",
                                                                                "descriptionResourceKey":  "playIntegrityVerdictOptionsDescription",
                                                                                "childSettings":  [

                                                                                                  ],
                                                                                "options":  [
                                                                                                {
                                                                                                    "nameResourceKey":  "notConfigured",
                                                                                                    "value":  "notConfigured",
                                                                                                    "enabled":  true
                                                                                                },
                                                                                                {
                                                                                                    "nameResourceKey":  "androidPlayIntegrityVerdictBasicIntegrity",
                                                                                                    "value":  "basicIntegrity",
                                                                                                    "children":  [
                                                                                                                     {
                                                                                                                         "dataType":  16,
                                                                                                                         "category":  39,
                                                                                                                         "nameResourceKey":  "requiredAndroidPlayIntegrityVerdictEvaluationTypeName",
                                                                                                                         "descriptionResourceKey":  "requiredAndroidPlayIntegrityVerdictEvaluationTypeDescription",
                                                                                                                         "childSettings":  [

                                                                                                                                           ],
                                                                                                                         "options":  [
                                                                                                                                         {
                                                                                                                                             "nameResourceKey":  "requiredAndroidPlayIntegrityVerdictEvaluationTypeBasic",
                                                                                                                                             "value":  "basic",
                                                                                                                                             "enabled":  true
                                                                                                                                         },
                                                                                                                                         {
                                                                                                                                             "nameResourceKey":  "requiredAndroidPlayIntegrityVerdictEvaluationTypeHardwareBacked",
                                                                                                                                             "value":  "hardwareBacked",
                                                                                                                                             "enabled":  true
                                                                                                                                         }
                                                                                                                                     ],
                                                                                                                         "entityKey":  "securityRequiredAndroidSafetyNetEvaluationType",
                                                                                                                         "booleanActions":  0,
                                                                                                                         "defaultValue":  "basic",
                                                                                                                         "unconfiguredValue":  "basic",
                                                                                                                         "policyType":  30,
                                                                                                                         "enabled":  false
                                                                                                                     }
                                                                                                                 ],
                                                                                                    "enabled":  true
                                                                                                },
                                                                                                {
                                                                                                    "nameResourceKey":  "androidPlayIntegrityVerdictBasicAndDeviceIntegrity",
                                                                                                    "value":  "basicIntegrityAndCertified",
                                                                                                    "children":  [
                                                                                                                     {
                                                                                                                         "dataType":  16,
                                                                                                                         "category":  39,
                                                                                                                         "nameResourceKey":  "requiredAndroidPlayIntegrityVerdictEvaluationTypeName",
                                                                                                                         "descriptionResourceKey":  "requiredAndroidPlayIntegrityVerdictEvaluationTypeDescription",
                                                                                                                         "childSettings":  [

                                                                                                                                           ],
                                                                                                                         "options":  [
                                                                                                                                         {
                                                                                                                                             "nameResourceKey":  "requiredAndroidPlayIntegrityVerdictEvaluationTypeBasic",
                                                                                                                                             "value":  "basic",
                                                                                                                                             "enabled":  true
                                                                                                                                         },
                                                                                                                                         {
                                                                                                                                             "nameResourceKey":  "requiredAndroidPlayIntegrityVerdictEvaluationTypeHardwareBacked",
                                                                                                                                             "value":  "hardwareBacked",
                                                                                                                                             "enabled":  true
                                                                                                                                         }
                                                                                                                                     ],
                                                                                                                         "entityKey":  "securityRequiredAndroidSafetyNetEvaluationType",
                                                                                                                         "booleanActions":  0,
                                                                                                                         "defaultValue":  "basic",
                                                                                                                         "unconfiguredValue":  "basic",
                                                                                                                         "policyType":  30,
                                                                                                                         "enabled":  false
                                                                                                                     }
                                                                                                                 ],
                                                                                                    "enabled":  true
                                                                                                }
                                                                                            ],
                                                                                "entityKey":  "androidPlayIntegrityVerdictOptions",
                                                                                "booleanActions":  0,
                                                                                "defaultValue":  "notConfigured",
                                                                                "unconfiguredValue":  "notConfigured",
                                                                                "policyType":  30,
                                                                                "enabled":  true
                                                                            }
                                                                        ],
                                                      "options":  [

                                                                  ],
                                                      "booleanActions":  0,
                                                      "policyType":  30,
                                                      "enabled":  true
                                                  }
                                              ]
}
