{
    "devicepassword_androiddeviceownergeneral":  [
                                                     {
                                                         "isSettingDescription":  false,
                                                         "showAsSectionHeader":  true,
                                                         "dataType":  8,
                                                         "category":  42,
                                                         "nameResourceKey":  "allAndroidCorpEnrollmentTypesHeaderName",
                                                         "descriptionResourceKey":  "allAndroidCorpEnrollmentTypesHeaderDescription",
                                                         "childSettings":  [
                                                                               {
                                                                                   "dataType":  16,
                                                                                   "category":  42,
                                                                                   "nameResourceKey":  "requiredPasswordTypeName",
                                                                                   "descriptionResourceKey":  "androidEnterpriseRequiredPasswordTypeDescription",
                                                                                   "emptyValueResourceKey":  "passwordExpirationInDaysEmptyValueKey",
                                                                                   "childSettings":  [

                                                                                                     ],
                                                                                   "options":  [
                                                                                                   {
                                                                                                       "nameResourceKey":  "selectTypeOption",
                                                                                                       "enabled":  true
                                                                                                   },
                                                                                                   {
                                                                                                       "nameResourceKey":  "deviceDefault",
                                                                                                       "value":  "deviceDefault",
                                                                                                       "enabled":  true
                                                                                                   },
                                                                                                   {
                                                                                                       "nameResourceKey":  "requiredNoRestiction",
                                                                                                       "value":  "required",
                                                                                                       "enabled":  true
                                                                                                   },
                                                                                                   {
                                                                                                       "nameResourceKey":  "biometricWeak",
                                                                                                       "value":  "lowSecurityBiometric",
                                                                                                       "enabled":  true
                                                                                                   },
                                                                                                   {
                                                                                                       "nameResourceKey":  "numericOption",
                                                                                                       "value":  "numeric",
                                                                                                       "children":  [
                                                                                                                        {
                                                                                                                            "dataType":  14,
                                                                                                                            "category":  42,
                                                                                                                            "nameResourceKey":  "complianceMinimumPasswordLengthName",
                                                                                                                            "descriptionResourceKey":  "passwordMinimumLengthDescription",
                                                                                                                            "emptyValueResourceKey":  "minimumPasswordLengthEmptyValueKeyFourToSixteen",
                                                                                                                            "childSettings":  [

                                                                                                                                              ],
                                                                                                                            "options":  [

                                                                                                                                        ],
                                                                                                                            "entityKey":  "passwordMinimumLength",
                                                                                                                            "booleanActions":  0,
                                                                                                                            "policyType":  2,
                                                                                                                            "enabled":  true
                                                                                                                        }
                                                                                                                    ],
                                                                                                       "enabled":  true
                                                                                                   },
                                                                                                   {
                                                                                                       "nameResourceKey":  "numericComplex",
                                                                                                       "value":  "numericComplex",
                                                                                                       "children":  [
                                                                                                                        {
                                                                                                                            "dataType":  14,
                                                                                                                            "category":  42,
                                                                                                                            "nameResourceKey":  "complianceMinimumPasswordLengthName",
                                                                                                                            "descriptionResourceKey":  "passwordMinimumLengthDescription",
                                                                                                                            "emptyValueResourceKey":  "minimumPasswordLengthEmptyValueKeyFourToSixteen",
                                                                                                                            "childSettings":  [

                                                                                                                                              ],
                                                                                                                            "options":  [

                                                                                                                                        ],
                                                                                                                            "entityKey":  "passwordMinimumLength",
                                                                                                                            "booleanActions":  0,
                                                                                                                            "policyType":  2,
                                                                                                                            "enabled":  true
                                                                                                                        }
                                                                                                                    ],
                                                                                                       "enabled":  true
                                                                                                   },
                                                                                                   {
                                                                                                       "nameResourceKey":  "alphabeticOption",
                                                                                                       "value":  "alphabetic",
                                                                                                       "children":  [
                                                                                                                        {
                                                                                                                            "dataType":  14,
                                                                                                                            "category":  42,
                                                                                                                            "nameResourceKey":  "complianceMinimumPasswordLengthName",
                                                                                                                            "descriptionResourceKey":  "passwordMinimumLengthDescription",
                                                                                                                            "emptyValueResourceKey":  "minimumPasswordLengthEmptyValueKeyFourToSixteen",
                                                                                                                            "childSettings":  [

                                                                                                                                              ],
                                                                                                                            "options":  [

                                                                                                                                        ],
                                                                                                                            "entityKey":  "passwordMinimumLength",
                                                                                                                            "booleanActions":  0,
                                                                                                                            "policyType":  2,
                                                                                                                            "enabled":  true
                                                                                                                        }
                                                                                                                    ],
                                                                                                       "enabled":  true
                                                                                                   },
                                                                                                   {
                                                                                                       "nameResourceKey":  "alphanumericOption",
                                                                                                       "value":  "alphanumeric",
                                                                                                       "children":  [
                                                                                                                        {
                                                                                                                            "dataType":  14,
                                                                                                                            "category":  42,
                                                                                                                            "nameResourceKey":  "complianceMinimumPasswordLengthName",
                                                                                                                            "descriptionResourceKey":  "passwordMinimumLengthDescription",
                                                                                                                            "emptyValueResourceKey":  "minimumPasswordLengthEmptyValueKeyFourToSixteen",
                                                                                                                            "childSettings":  [

                                                                                                                                              ],
                                                                                                                            "options":  [

                                                                                                                                        ],
                                                                                                                            "entityKey":  "passwordMinimumLength",
                                                                                                                            "booleanActions":  0,
                                                                                                                            "policyType":  2,
                                                                                                                            "enabled":  true
                                                                                                                        }
                                                                                                                    ],
                                                                                                       "enabled":  true
                                                                                                   },
                                                                                                   {
                                                                                                       "nameResourceKey":  "alphanumericWithSymbolsOption",
                                                                                                       "value":  "alphanumericWithSymbols",
                                                                                                       "children":  [
                                                                                                                        {
                                                                                                                            "dataType":  14,
                                                                                                                            "category":  42,
                                                                                                                            "nameResourceKey":  "complianceMinimumPasswordLengthName",
                                                                                                                            "descriptionResourceKey":  "passwordMinimumLengthDescription",
                                                                                                                            "emptyValueResourceKey":  "minimumPasswordLengthEmptyValueKeyFourToSixteen",
                                                                                                                            "childSettings":  [

                                                                                                                                              ],
                                                                                                                            "options":  [

                                                                                                                                        ],
                                                                                                                            "entityKey":  "passwordMinimumLength",
                                                                                                                            "booleanActions":  0,
                                                                                                                            "policyType":  2,
                                                                                                                            "enabled":  true
                                                                                                                        },
                                                                                                                        {
                                                                                                                            "dataType":  14,
                                                                                                                            "category":  42,
                                                                                                                            "nameResourceKey":  "passwordMinimumLetterCharactersName",
                                                                                                                            "descriptionResourceKey":  "",
                                                                                                                            "emptyValueResourceKey":  "passwordEmptyValueKeyZeroToSixteen",
                                                                                                                            "childSettings":  [

                                                                                                                                              ],
                                                                                                                            "options":  [

                                                                                                                                        ],
                                                                                                                            "entityKey":  "passwordMinimumLetterCharacters",
                                                                                                                            "booleanActions":  0,
                                                                                                                            "policyType":  2,
                                                                                                                            "enabled":  true
                                                                                                                        },
                                                                                                                        {
                                                                                                                            "dataType":  14,
                                                                                                                            "category":  42,
                                                                                                                            "nameResourceKey":  "passwordMinimumLowerCaseCharactersName",
                                                                                                                            "descriptionResourceKey":  "",
                                                                                                                            "emptyValueResourceKey":  "passwordEmptyValueKeyZeroToSixteen",
                                                                                                                            "childSettings":  [

                                                                                                                                              ],
                                                                                                                            "options":  [

                                                                                                                                        ],
                                                                                                                            "entityKey":  "passwordMinimumLowerCaseCharacters",
                                                                                                                            "booleanActions":  0,
                                                                                                                            "policyType":  2,
                                                                                                                            "enabled":  true
                                                                                                                        },
                                                                                                                        {
                                                                                                                            "dataType":  14,
                                                                                                                            "category":  42,
                                                                                                                            "nameResourceKey":  "passwordMinimumUpperCaseCharactersName",
                                                                                                                            "descriptionResourceKey":  "",
                                                                                                                            "emptyValueResourceKey":  "passwordEmptyValueKeyZeroToSixteen",
                                                                                                                            "childSettings":  [

                                                                                                                                              ],
                                                                                                                            "options":  [

                                                                                                                                        ],
                                                                                                                            "entityKey":  "passwordMinimumUpperCaseCharacters",
                                                                                                                            "booleanActions":  0,
                                                                                                                            "policyType":  2,
                                                                                                                            "enabled":  true
                                                                                                                        },
                                                                                                                        {
                                                                                                                            "dataType":  14,
                                                                                                                            "category":  42,
                                                                                                                            "nameResourceKey":  "passwordMinimumNonLetterCharactersName",
                                                                                                                            "descriptionResourceKey":  "",
                                                                                                                            "emptyValueResourceKey":  "passwordEmptyValueKeyZeroToSixteen",
                                                                                                                            "childSettings":  [

                                                                                                                                              ],
                                                                                                                            "options":  [

                                                                                                                                        ],
                                                                                                                            "entityKey":  "passwordMinimumNonLetterCharacters",
                                                                                                                            "booleanActions":  0,
                                                                                                                            "policyType":  2,
                                                                                                                            "enabled":  true
                                                                                                                        },
                                                                                                                        {
                                                                                                                            "dataType":  14,
                                                                                                                            "category":  42,
                                                                                                                            "nameResourceKey":  "passwordMinimumNumericCharactersName",
                                                                                                                            "descriptionResourceKey":  "",
                                                                                                                            "emptyValueResourceKey":  "passwordEmptyValueKeyZeroToSixteen",
                                                                                                                            "childSettings":  [

                                                                                                                                              ],
                                                                                                                            "options":  [

                                                                                                                                        ],
                                                                                                                            "entityKey":  "passwordMinimumNumericCharacters",
                                                                                                                            "booleanActions":  0,
                                                                                                                            "policyType":  2,
                                                                                                                            "enabled":  true
                                                                                                                        },
                                                                                                                        {
                                                                                                                            "dataType":  14,
                                                                                                                            "category":  42,
                                                                                                                            "nameResourceKey":  "passwordMinimumSymbolCharactersName",
                                                                                                                            "descriptionResourceKey":  "passwordMinimumSymbolCharactersDescription",
                                                                                                                            "emptyValueResourceKey":  "passwordEmptyValueKeyZeroToSixteen",
                                                                                                                            "childSettings":  [

                                                                                                                                              ],
                                                                                                                            "options":  [

                                                                                                                                        ],
                                                                                                                            "entityKey":  "passwordMinimumSymbolCharacters",
                                                                                                                            "booleanActions":  0,
                                                                                                                            "policyType":  2,
                                                                                                                            "enabled":  true
                                                                                                                        }
                                                                                                                    ],
                                                                                                       "enabled":  true
                                                                                                   },
                                                                                                   {
                                                                                                       "nameResourceKey":  "customPasswordOption",
                                                                                                       "value":  "customPassword",
                                                                                                       "children":  [
                                                                                                                        {
                                                                                                                            "dataType":  20,
                                                                                                                            "category":  42,
                                                                                                                            "nameResourceKey":  "androidDeviceOwnerCustomPasswordName",
                                                                                                                            "descriptionResourceKey":  "androidDeviceOwnerCustomPasswordDescription",
                                                                                                                            "childSettings":  [

                                                                                                                                              ],
                                                                                                                            "options":  [

                                                                                                                                        ],
                                                                                                                            "entityKey":  "customPassword",
                                                                                                                            "booleanActions":  0,
                                                                                                                            "policyType":  2,
                                                                                                                            "enabled":  false
                                                                                                                        }
                                                                                                                    ],
                                                                                                       "enabled":  false
                                                                                                   }
                                                                                               ],
                                                                                   "entityKey":  "passwordRequiredType",
                                                                                   "booleanActions":  0,
                                                                                   "defaultValue":  "deviceDefault",
                                                                                   "unconfiguredValue":  "deviceDefault",
                                                                                   "policyType":  2,
                                                                                   "enabled":  true
                                                                               },
                                                                               {
                                                                                   "dataType":  14,
                                                                                   "category":  42,
                                                                                   "nameResourceKey":  "passwordExpirationName",
                                                                                   "descriptionResourceKey":  "passwordExpirationDescription",
                                                                                   "emptyValueResourceKey":  "passwordExpirationInDaysEmptyValueOneYearKey",
                                                                                   "childSettings":  [

                                                                                                     ],
                                                                                   "options":  [

                                                                                               ],
                                                                                   "entityKey":  "passwordExpirationDays",
                                                                                   "booleanActions":  0,
                                                                                   "policyType":  2,
                                                                                   "enabled":  true
                                                                               },
                                                                               {
                                                                                   "dataType":  14,
                                                                                   "category":  42,
                                                                                   "nameResourceKey":  "passwordPreviousPasswordBlockCountName",
                                                                                   "descriptionResourceKey":  "passwordPreviousPasswordBlockCountDescription",
                                                                                   "emptyValueResourceKey":  "numberOfPreviousPasswordsToBlockEmptyValueKey",
                                                                                   "childSettings":  [

                                                                                                     ],
                                                                                   "options":  [

                                                                                               ],
                                                                                   "entityKey":  "passwordPreviousPasswordCountToBlock",
                                                                                   "booleanActions":  0,
                                                                                   "policyType":  2,
                                                                                   "enabled":  true
                                                                               },
                                                                               {
                                                                                   "dataType":  14,
                                                                                   "category":  42,
                                                                                   "nameResourceKey":  "passwordSignInFailureCountBeforeFactoryResetName",
                                                                                   "descriptionResourceKey":  "passwordSignInFailureCountBeforeFactoryResetDescription",
                                                                                   "emptyValueResourceKey":  "passwordSignInFailureCountBeforeFactoryResetEmptyValueKey",
                                                                                   "childSettings":  [

                                                                                                     ],
                                                                                   "options":  [

                                                                                               ],
                                                                                   "entityKey":  "passwordSignInFailureCountBeforeFactoryReset",
                                                                                   "booleanActions":  0,
                                                                                   "policyType":  2,
                                                                                   "enabled":  true
                                                                               },
                                                                               {
                                                                                   "dataType":  13,
                                                                                   "category":  42,
                                                                                   "nameResourceKey":  "passwordBlockKeyguardFeaturesName",
                                                                                   "descriptionResourceKey":  "passwordBlockKeyguardFeaturesDescription",
                                                                                   "childSettings":  [

                                                                                                     ],
                                                                                   "options":  [
                                                                                                   {
                                                                                                       "nameResourceKey":  "cameraOptionAndroid",
                                                                                                       "value":  "camera",
                                                                                                       "enabled":  true
                                                                                                   },
                                                                                                   {
                                                                                                       "nameResourceKey":  "notificationsOptionAndroid",
                                                                                                       "value":  "notifications",
                                                                                                       "enabled":  true
                                                                                                   },
                                                                                                   {
                                                                                                       "nameResourceKey":  "unredactedNotificationsOption",
                                                                                                       "value":  "unredactedNotifications",
                                                                                                       "enabled":  true
                                                                                                   },
                                                                                                   {
                                                                                                       "nameResourceKey":  "remoteInputOptionAndroid",
                                                                                                       "value":  "remoteInput",
                                                                                                       "enabled":  true
                                                                                                   },
                                                                                                   {
                                                                                                       "nameResourceKey":  "trustAgentsOptionAndroid",
                                                                                                       "value":  "trustAgents",
                                                                                                       "enabled":  true
                                                                                                   },
                                                                                                   {
                                                                                                       "nameResourceKey":  "fingerprintOptionAndroid",
                                                                                                       "value":  "fingerprint",
                                                                                                       "enabled":  true
                                                                                                   },
                                                                                                   {
                                                                                                       "nameResourceKey":  "faceOption",
                                                                                                       "value":  "face",
                                                                                                       "enabled":  true
                                                                                                   },
                                                                                                   {
                                                                                                       "nameResourceKey":  "irisOption",
                                                                                                       "value":  "iris",
                                                                                                       "enabled":  true
                                                                                                   },
                                                                                                   {
                                                                                                       "nameResourceKey":  "biometricsOption",
                                                                                                       "value":  "biometrics",
                                                                                                       "enabled":  true
                                                                                                   },
                                                                                                   {
                                                                                                       "nameResourceKey":  "allFeaturesOption",
                                                                                                       "value":  "allFeatures",
                                                                                                       "enabled":  true
                                                                                                   }
                                                                                               ],
                                                                                   "entityKey":  "passwordBlockKeyguardFeaturesList",
                                                                                   "booleanActions":  0,
                                                                                   "policyType":  2,
                                                                                   "enabled":  true
                                                                               },
                                                                               {
                                                                                   "dataType":  16,
                                                                                   "category":  42,
                                                                                   "nameResourceKey":  "requiredPasswordUnlockName",
                                                                                   "childSettings":  [

                                                                                                     ],
                                                                                   "options":  [
                                                                                                   {
                                                                                                       "nameResourceKey":  "deviceDefault",
                                                                                                       "value":  "deviceDefault",
                                                                                                       "enabled":  true
                                                                                                   },
                                                                                                   {
                                                                                                       "nameResourceKey":  "requiredPasswordUnlockDailyOption",
                                                                                                       "value":  "daily",
                                                                                                       "enabled":  true
                                                                                                   }
                                                                                               ],
                                                                                   "entityKey":  "passwordRequireUnlock",
                                                                                   "booleanActions":  0,
                                                                                   "defaultValue":  "deviceDefault",
                                                                                   "unconfiguredValue":  "deviceDefault",
                                                                                   "policyType":  2,
                                                                                   "enabled":  true
                                                                               }
                                                                           ],
                                                         "options":  [

                                                                     ],
                                                         "booleanActions":  0,
                                                         "policyType":  2,
                                                         "enabled":  true
                                                     },
                                                     {
                                                         "isSettingDescription":  false,
                                                         "showAsSectionHeader":  true,
                                                         "dataType":  8,
                                                         "category":  42,
                                                         "nameResourceKey":  "fullyManagedAndDedicatedAndroidEnrollmentTypesHeaderName",
                                                         "descriptionResourceKey":  "fullyManagedAndDedicatedAndroidEnrollmentTypesHeaderDescription",
                                                         "childSettings":  [
                                                                               {
                                                                                   "dataType":  0,
                                                                                   "category":  42,
                                                                                   "nameResourceKey":  "keyguardDisabledName",
                                                                                   "descriptionResourceKey":  "keyguardDisabledDescriptionAndroid",
                                                                                   "childSettings":  [

                                                                                                     ],
                                                                                   "options":  [

                                                                                               ],
                                                                                   "entityKey":  "passwordBlockKeyguard",
                                                                                   "booleanActions":  5,
                                                                                   "defaultValue":  false,
                                                                                   "policyType":  2,
                                                                                   "enabled":  true
                                                                               }
                                                                           ],
                                                         "options":  [

                                                                     ],
                                                         "booleanActions":  0,
                                                         "policyType":  2,
                                                         "enabled":  true
                                                     }
                                                 ]
}
