{
    "devicehealth_compliancewindows10":  [
                                             {
                                                 "isSettingDescription":  false,
                                                 "showAsSectionHeader":  false,
                                                 "dataType":  8,
                                                 "category":  39,
                                                 "nameResourceKey":  "complianceWindowsDeviceHealthAttestationHeader",
                                                 "childSettings":  [

                                                                   ],
                                                 "options":  [

                                                             ],
                                                 "booleanActions":  0,
                                                 "policyType":  35,
                                                 "enabled":  true
                                             },
                                             {
                                                 "isSettingDescription":  false,
                                                 "showAsSectionHeader":  false,
                                                 "dataType":  8,
                                                 "category":  39,
                                                 "nameResourceKey":  "complianceWindows10DeviceHealthAttestationHeader",
                                                 "childSettings":  [
                                                                       {
                                                                           "dataType":  0,
                                                                           "category":  39,
                                                                           "nameResourceKey":  "bitLockerEnabledName",
                                                                           "childSettings":  [

                                                                                             ],
                                                                           "options":  [

                                                                                       ],
                                                                           "entityKey":  "bitLockerEnabled",
                                                                           "booleanActions":  1,
                                                                           "defaultValue":  false,
                                                                           "policyType":  35,
                                                                           "enabled":  true
                                                                       },
                                                                       {
                                                                           "dataType":  0,
                                                                           "category":  39,
                                                                           "nameResourceKey":  "secureBootEnabledName",
                                                                           "childSettings":  [

                                                                                             ],
                                                                           "options":  [

                                                                                       ],
                                                                           "entityKey":  "secureBootEnabled",
                                                                           "booleanActions":  1,
                                                                           "defaultValue":  false,
                                                                           "policyType":  35,
                                                                           "enabled":  true
                                                                       },
                                                                       {
                                                                           "dataType":  0,
                                                                           "category":  39,
                                                                           "nameResourceKey":  "codeIntegrityEnabledName",
                                                                           "childSettings":  [

                                                                                             ],
                                                                           "options":  [

                                                                                       ],
                                                                           "entityKey":  "codeIntegrityEnabled",
                                                                           "booleanActions":  1,
                                                                           "defaultValue":  false,
                                                                           "policyType":  35,
                                                                           "enabled":  true
                                                                       }
                                                                   ],
                                                 "options":  [

                                                             ],
                                                 "booleanActions":  0,
                                                 "policyType":  35,
                                                 "enabled":  true
                                             },
                                             {
                                                 "isSettingDescription":  false,
                                                 "showAsSectionHeader":  false,
                                                 "dataType":  8,
                                                 "category":  39,
                                                 "nameResourceKey":  "complianceWindows11DeviceHealthAttestationHeader",
                                                 "childSettings":  [
                                                                       {
                                                                           "dataType":  0,
                                                                           "category":  39,
                                                                           "nameResourceKey":  "earlyLaunchAntiMalwareDriverEnabledName",
                                                                           "childSettings":  [

                                                                                             ],
                                                                           "options":  [

                                                                                       ],
                                                                           "entityKey":  "earlyLaunchAntiMalwareDriverEnabled",
                                                                           "booleanActions":  1,
                                                                           "defaultValue":  false,
                                                                           "policyType":  35,
                                                                           "enabled":  false
                                                                       },
                                                                       {
                                                                           "dataType":  0,
                                                                           "category":  39,
                                                                           "nameResourceKey":  "firmwareProtectionEnabledName",
                                                                           "childSettings":  [

                                                                                             ],
                                                                           "options":  [

                                                                                       ],
                                                                           "entityKey":  "firmwareProtectionEnabled",
                                                                           "booleanActions":  1,
                                                                           "defaultValue":  false,
                                                                           "policyType":  35,
                                                                           "enabled":  false
                                                                       },
                                                                       {
                                                                           "dataType":  0,
                                                                           "category":  39,
                                                                           "nameResourceKey":  "hvciEnabledName",
                                                                           "childSettings":  [

                                                                                             ],
                                                                           "options":  [

                                                                                       ],
                                                                           "entityKey":  "memoryIntegrityEnabled",
                                                                           "booleanActions":  1,
                                                                           "defaultValue":  false,
                                                                           "policyType":  35,
                                                                           "enabled":  false
                                                                       },
                                                                       {
                                                                           "dataType":  0,
                                                                           "category":  39,
                                                                           "nameResourceKey":  "memoryAccessProtectionEnabledName",
                                                                           "childSettings":  [

                                                                                             ],
                                                                           "options":  [

                                                                                       ],
                                                                           "entityKey":  "kernelDmaProtectionEnabled",
                                                                           "booleanActions":  1,
                                                                           "defaultValue":  false,
                                                                           "policyType":  35,
                                                                           "enabled":  false
                                                                       },
                                                                       {
                                                                           "dataType":  0,
                                                                           "category":  39,
                                                                           "nameResourceKey":  "virtualizationBasedSecurityEnabledName",
                                                                           "childSettings":  [

                                                                                             ],
                                                                           "options":  [

                                                                                       ],
                                                                           "entityKey":  "virtualizationBasedSecurityEnabled",
                                                                           "booleanActions":  1,
                                                                           "defaultValue":  false,
                                                                           "policyType":  35,
                                                                           "enabled":  false
                                                                       }
                                                                   ],
                                                 "options":  [

                                                             ],
                                                 "booleanActions":  0,
                                                 "policyType":  35,
                                                 "enabled":  false
                                             }
                                         ]
}
