{
    "deviceproperties_compliancemac":  {
                                           "isSettingDescription":  false,
                                           "showAsSectionHeader":  false,
                                           "dataType":  8,
                                           "category":  43,
                                           "nameResourceKey":  "complianceOsVersionRestrictionHeader",
                                           "childSettings":  [
                                                                 {
                                                                     "dataType":  20,
                                                                     "category":  43,
                                                                     "nameResourceKey":  "complianceOsVersionRestrictionMinimumName",
                                                                     "descriptionResourceKey":  "complianceOsVersionRestrictionMinimumDescription",
                                                                     "childSettings":  [

                                                                                       ],
                                                                     "options":  [

                                                                                 ],
                                                                     "entityKey":  "osMinimumVersion",
                                                                     "booleanActions":  0,
                                                                     "policyType":  34,
                                                                     "enabled":  true
                                                                 },
                                                                 {
                                                                     "dataType":  20,
                                                                     "category":  43,
                                                                     "nameResourceKey":  "complianceOsVersionRestrictionMaximumName",
                                                                     "descriptionResourceKey":  "complianceOsVersionRestrictionMaximumDescription",
                                                                     "childSettings":  [

                                                                                       ],
                                                                     "options":  [

                                                                                 ],
                                                                     "entityKey":  "osMaximumVersion",
                                                                     "booleanActions":  0,
                                                                     "policyType":  34,
                                                                     "enabled":  true
                                                                 },
                                                                 {
                                                                     "dataType":  20,
                                                                     "category":  43,
                                                                     "nameResourceKey":  "complianceOsBuildVersionRestrictionMinimumName",
                                                                     "descriptionResourceKey":  "complianceOsBuildVersionRestrictionMinimumDescription",
                                                                     "childSettings":  [

                                                                                       ],
                                                                     "options":  [

                                                                                 ],
                                                                     "entityKey":  "osMinimumBuildVersion",
                                                                     "booleanActions":  0,
                                                                     "policyType":  34,
                                                                     "enabled":  true
                                                                 },
                                                                 {
                                                                     "dataType":  20,
                                                                     "category":  43,
                                                                     "nameResourceKey":  "complianceOsBuildVersionRestrictionMaximumName",
                                                                     "descriptionResourceKey":  "complianceOsBuildVersionRestrictionMaximumDescription",
                                                                     "childSettings":  [

                                                                                       ],
                                                                     "options":  [

                                                                                 ],
                                                                     "entityKey":  "osMaximumBuildVersion",
                                                                     "booleanActions":  0,
                                                                     "policyType":  34,
                                                                     "enabled":  true
                                                                 }
                                                             ],
                                           "options":  [

                                                       ],
                                           "booleanActions":  0,
                                           "policyType":  34,
                                           "enabled":  true
                                       }
}
