{
    "display_windows10general":  [
                                     {
                                         "columns":  [
                                                         {
                                                             "metadata":  {
                                                                              "dataType":  20,
                                                                              "category":  48,
                                                                              "nameResourceKey":  "inclusionAppListColumn",
                                                                              "emptyValueResourceKey":  "appColumnExamples",
                                                                              "childSettings":  [

                                                                                                ],
                                                                              "options":  [

                                                                                          ],
                                                                              "entityKey":  "gdiAppListColumn",
                                                                              "booleanActions":  0,
                                                                              "policyType":  79,
                                                                              "enabled":  true
                                                                          }
                                                         }
                                                     ],
                                         "dataType":  21,
                                         "category":  48,
                                         "nameResourceKey":  "DisplayAppListWithGdiDPIScalingTurnedOnName",
                                         "descriptionResourceKey":  "DisplayAppListWithGdiDPIScalingTurnedOnDescription",
                                         "childSettings":  [

                                                           ],
                                         "options":  [

                                                     ],
                                         "entityKey":  "displayAppListWithGdiDPIScalingTurnedOn",
                                         "booleanActions":  0,
                                         "policyType":  79,
                                         "enabled":  true
                                     },
                                     {
                                         "columns":  [
                                                         {
                                                             "metadata":  {
                                                                              "dataType":  20,
                                                                              "category":  48,
                                                                              "nameResourceKey":  "exclusionAppListColumn",
                                                                              "emptyValueResourceKey":  "appColumnExamples",
                                                                              "childSettings":  [

                                                                                                ],
                                                                              "options":  [

                                                                                          ],
                                                                              "entityKey":  "gdiAppListColumn",
                                                                              "booleanActions":  0,
                                                                              "policyType":  79,
                                                                              "enabled":  true
                                                                          }
                                                         }
                                                     ],
                                         "dataType":  21,
                                         "category":  48,
                                         "nameResourceKey":  "DisplayAppListWithGdiDPIScalingTurnedOffName",
                                         "descriptionResourceKey":  "DisplayAppListWithGdiDPIScalingTurnedOffDescription",
                                         "childSettings":  [

                                                           ],
                                         "options":  [

                                                     ],
                                         "entityKey":  "displayAppListWithGdiDPIScalingTurnedOff",
                                         "booleanActions":  0,
                                         "policyType":  79,
                                         "enabled":  true
                                     }
                                 ]
}
