{
    "domains_iosgeneral":  [
                               {
                                   "isSettingDescription":  false,
                                   "showAsSectionHeader":  true,
                                   "dataType":  8,
                                   "category":  49,
                                   "nameResourceKey":  "deviceEnrollmentAndAutomatedDeviceEnrollmentHeaderName",
                                   "descriptionResourceKey":  "deviceEnrollmentAndAutomatedDeviceEnrollmentHeaderDescription",
                                   "childSettings":  [
                                                         {
                                                             "complexOptions":  [
                                                                                    {
                                                                                        "isSettingDescription":  false,
                                                                                        "showAsSectionHeader":  false,
                                                                                        "dataType":  8,
                                                                                        "category":  49,
                                                                                        "nameResourceKey":  "domainsEmailDomainsBladeDescription",
                                                                                        "childSettings":  [

                                                                                                          ],
                                                                                        "options":  [

                                                                                                    ],
                                                                                        "booleanActions":  0,
                                                                                        "policyType":  46,
                                                                                        "enabled":  true
                                                                                    },
                                                                                    {
                                                                                        "columns":  [
                                                                                                        {
                                                                                                            "metadata":  {
                                                                                                                             "dataType":  20,
                                                                                                                             "category":  49,
                                                                                                                             "nameResourceKey":  "domainsEmailDomainsTableName",
                                                                                                                             "emptyValueResourceKey":  "domainsUrlExample",
                                                                                                                             "childSettings":  [

                                                                                                                                               ],
                                                                                                                             "options":  [

                                                                                                                                         ],
                                                                                                                             "entityKey":  "emailInDomainSuffixes",
                                                                                                                             "booleanActions":  0,
                                                                                                                             "policyType":  46,
                                                                                                                             "enabled":  true
                                                                                                                         }
                                                                                                        }
                                                                                                    ],
                                                                                        "dataType":  21,
                                                                                        "category":  49,
                                                                                        "nameResourceKey":  "Empty",
                                                                                        "childSettings":  [

                                                                                                          ],
                                                                                        "options":  [

                                                                                                    ],
                                                                                        "entityKey":  "emailInDomainSuffixes",
                                                                                        "booleanActions":  0,
                                                                                        "policyType":  46,
                                                                                        "enabled":  true
                                                                                    }
                                                                                ],
                                                             "dataType":  5,
                                                             "category":  49,
                                                             "nameResourceKey":  "domainsEmailDomainsBladeName",
                                                             "childSettings":  [

                                                                               ],
                                                             "options":  [

                                                                         ],
                                                             "booleanActions":  0,
                                                             "policyType":  46,
                                                             "enabled":  true
                                                         },
                                                         {
                                                             "complexOptions":  [
                                                                                    {
                                                                                        "isSettingDescription":  false,
                                                                                        "showAsSectionHeader":  false,
                                                                                        "dataType":  8,
                                                                                        "category":  49,
                                                                                        "nameResourceKey":  "domainsWebDomainsBladeDescription",
                                                                                        "childSettings":  [

                                                                                                          ],
                                                                                        "options":  [

                                                                                                    ],
                                                                                        "booleanActions":  0,
                                                                                        "policyType":  46,
                                                                                        "enabled":  true
                                                                                    },
                                                                                    {
                                                                                        "columns":  [
                                                                                                        {
                                                                                                            "metadata":  {
                                                                                                                             "dataType":  20,
                                                                                                                             "category":  49,
                                                                                                                             "nameResourceKey":  "domainsWebDomainsTableName",
                                                                                                                             "emptyValueResourceKey":  "domainsUrlExample",
                                                                                                                             "childSettings":  [

                                                                                                                                               ],
                                                                                                                             "options":  [

                                                                                                                                         ],
                                                                                                                             "entityKey":  "safariManagedDomains",
                                                                                                                             "booleanActions":  0,
                                                                                                                             "policyType":  46,
                                                                                                                             "enabled":  true
                                                                                                                         }
                                                                                                        }
                                                                                                    ],
                                                                                        "dataType":  21,
                                                                                        "category":  49,
                                                                                        "nameResourceKey":  "Empty",
                                                                                        "childSettings":  [

                                                                                                          ],
                                                                                        "options":  [

                                                                                                    ],
                                                                                        "entityKey":  "safariManagedDomains",
                                                                                        "booleanActions":  0,
                                                                                        "policyType":  46,
                                                                                        "enabled":  true
                                                                                    }
                                                                                ],
                                                             "dataType":  5,
                                                             "category":  49,
                                                             "nameResourceKey":  "domainsWebDomainsBladeName",
                                                             "childSettings":  [

                                                                               ],
                                                             "options":  [

                                                                         ],
                                                             "booleanActions":  0,
                                                             "policyType":  46,
                                                             "enabled":  true
                                                         }
                                                     ],
                                   "options":  [

                                               ],
                                   "booleanActions":  0,
                                   "policyType":  46,
                                   "enabled":  true
                               },
                               {
                                   "isSettingDescription":  false,
                                   "showAsSectionHeader":  true,
                                   "dataType":  8,
                                   "category":  49,
                                   "nameResourceKey":  "automatedDeviceEnrollmentHeaderName",
                                   "descriptionResourceKey":  "automatedDeviceEnrollmentHeaderDescription",
                                   "childSettings":  [
                                                         {
                                                             "complexOptions":  [
                                                                                    {
                                                                                        "isSettingDescription":  false,
                                                                                        "showAsSectionHeader":  false,
                                                                                        "dataType":  8,
                                                                                        "category":  49,
                                                                                        "nameResourceKey":  "domainsSafariPasswordAutoFillDomainsBladeDescription",
                                                                                        "childSettings":  [

                                                                                                          ],
                                                                                        "options":  [

                                                                                                    ],
                                                                                        "booleanActions":  0,
                                                                                        "policyType":  46,
                                                                                        "enabled":  true
                                                                                    },
                                                                                    {
                                                                                        "columns":  [
                                                                                                        {
                                                                                                            "metadata":  {
                                                                                                                             "dataType":  20,
                                                                                                                             "category":  49,
                                                                                                                             "nameResourceKey":  "domainsSafariPasswordAutoFillDomainsTableName",
                                                                                                                             "emptyValueResourceKey":  "domainsUrlExample",
                                                                                                                             "childSettings":  [

                                                                                                                                               ],
                                                                                                                             "options":  [

                                                                                                                                         ],
                                                                                                                             "entityKey":  "safariPasswordAutoFillDomains",
                                                                                                                             "booleanActions":  0,
                                                                                                                             "policyType":  46,
                                                                                                                             "enabled":  true
                                                                                                                         }
                                                                                                        }
                                                                                                    ],
                                                                                        "dataType":  21,
                                                                                        "category":  49,
                                                                                        "nameResourceKey":  "Empty",
                                                                                        "childSettings":  [

                                                                                                          ],
                                                                                        "options":  [

                                                                                                    ],
                                                                                        "entityKey":  "safariPasswordAutoFillDomains",
                                                                                        "booleanActions":  0,
                                                                                        "policyType":  46,
                                                                                        "enabled":  true
                                                                                    }
                                                                                ],
                                                             "dataType":  5,
                                                             "category":  49,
                                                             "nameResourceKey":  "domainsSafariPasswordAutoFillDomainsBladeName",
                                                             "childSettings":  [

                                                                               ],
                                                             "options":  [

                                                                         ],
                                                             "booleanActions":  0,
                                                             "policyType":  46,
                                                             "enabled":  true
                                                         }
                                                     ],
                                   "options":  [

                                               ],
                                   "booleanActions":  0,
                                   "policyType":  46,
                                   "enabled":  true
                               }
                           ]
}
