{
    "edgebrowsersmartscreen_windows10general":  [
                                                    {
                                                        "dataType":  0,
                                                        "category":  53,
                                                        "nameResourceKey":  "blockSmartScreenName",
                                                        "descriptionResourceKey":  "blockSmartScreenDescription",
                                                        "childSettings":  [

                                                                          ],
                                                        "options":  [

                                                                    ],
                                                        "entityKey":  "edgeRequireSmartScreen",
                                                        "booleanActions":  1,
                                                        "defaultValue":  false,
                                                        "policyType":  79,
                                                        "enabled":  true
                                                    },
                                                    {
                                                        "dataType":  0,
                                                        "category":  53,
                                                        "nameResourceKey":  "smartScreenPromptOverrideName",
                                                        "descriptionResourceKey":  "smartScreenPromptOverrideDescription",
                                                        "childSettings":  [

                                                                          ],
                                                        "options":  [

                                                                    ],
                                                        "entityKey":  "smartScreenBlockPromptOverride",
                                                        "booleanActions":  3,
                                                        "defaultValue":  false,
                                                        "policyType":  79,
                                                        "enabled":  true
                                                    },
                                                    {
                                                        "dataType":  0,
                                                        "category":  53,
                                                        "nameResourceKey":  "smartScreenPromptOverrideForFilesName",
                                                        "descriptionResourceKey":  "smartScreenPromptOverrideForFilesDescription",
                                                        "childSettings":  [

                                                                          ],
                                                        "options":  [

                                                                    ],
                                                        "entityKey":  "smartScreenBlockPromptOverrideForFiles",
                                                        "booleanActions":  3,
                                                        "defaultValue":  false,
                                                        "policyType":  79,
                                                        "enabled":  true
                                                    }
                                                ]
}
