{
    "educationtakeatest_windows10secureassessmentprofile":  [
                                                                {
                                                                    "isSettingDescription":  false,
                                                                    "showAsSectionHeader":  false,
                                                                    "dataType":  8,
                                                                    "category":  57,
                                                                    "nameResourceKey":  "educationProfileTakeATestHeader",
                                                                    "descriptionResourceKey":  "educationProfileTakeATestHeaderDesc",
                                                                    "childSettings":  [

                                                                                      ],
                                                                    "options":  [

                                                                                ],
                                                                    "booleanActions":  0,
                                                                    "policyType":  85,
                                                                    "enabled":  true
                                                                },
                                                                {
                                                                    "dataType":  10,
                                                                    "category":  57,
                                                                    "nameResourceKey":  "takeATestWinCompatibilityInfoText",
                                                                    "childSettings":  [

                                                                                      ],
                                                                    "options":  [

                                                                                ],
                                                                    "booleanActions":  0,
                                                                    "policyType":  85,
                                                                    "enabled":  true
                                                                },
                                                                {
                                                                    "dataType":  16,
                                                                    "category":  57,
                                                                    "nameResourceKey":  "educationProfileAccountTypeName",
                                                                    "descriptionResourceKey":  "educationProfileAccountNameTypeDesc",
                                                                    "childSettings":  [

                                                                                      ],
                                                                    "options":  [
                                                                                    {
                                                                                        "nameResourceKey":  "selectEducationProfileAccountNameType",
                                                                                        "enabled":  true
                                                                                    },
                                                                                    {
                                                                                        "nameResourceKey":  "azureADAccountOption",
                                                                                        "value":  "azureADAccount",
                                                                                        "children":  [
                                                                                                         {
                                                                                                             "dataType":  20,
                                                                                                             "category":  57,
                                                                                                             "nameResourceKey":  "educationProfileAccountName",
                                                                                                             "descriptionResourceKey":  "educationProfileAccountNameDesc",
                                                                                                             "emptyValueResourceKey":  "educationProfileAzureAccountNameExample",
                                                                                                             "childSettings":  [

                                                                                                                               ],
                                                                                                             "options":  [

                                                                                                                         ],
                                                                                                             "entityKey":  "configurationAccount",
                                                                                                             "booleanActions":  0,
                                                                                                             "policyType":  85,
                                                                                                             "enabled":  true
                                                                                                         }
                                                                                                     ],
                                                                                        "enabled":  true
                                                                                    },
                                                                                    {
                                                                                        "nameResourceKey":  "domainAccountOption",
                                                                                        "value":  "domainAccount",
                                                                                        "children":  [
                                                                                                         {
                                                                                                             "dataType":  20,
                                                                                                             "category":  57,
                                                                                                             "nameResourceKey":  "educationProfileAccountName",
                                                                                                             "descriptionResourceKey":  "educationProfileAccountNameDesc",
                                                                                                             "emptyValueResourceKey":  "educationProfileDomainAccountNameExample",
                                                                                                             "childSettings":  [

                                                                                                                               ],
                                                                                                             "options":  [

                                                                                                                         ],
                                                                                                             "entityKey":  "configurationAccount",
                                                                                                             "booleanActions":  0,
                                                                                                             "policyType":  85,
                                                                                                             "enabled":  true
                                                                                                         }
                                                                                                     ],
                                                                                        "enabled":  true
                                                                                    },
                                                                                    {
                                                                                        "nameResourceKey":  "localAccountOption",
                                                                                        "value":  "localAccount",
                                                                                        "children":  [
                                                                                                         {
                                                                                                             "dataType":  20,
                                                                                                             "category":  57,
                                                                                                             "nameResourceKey":  "educationProfileAccountName",
                                                                                                             "descriptionResourceKey":  "educationProfileAccountNameDesc",
                                                                                                             "emptyValueResourceKey":  "educationProfileLocalAccountNameExample",
                                                                                                             "childSettings":  [

                                                                                                                               ],
                                                                                                             "options":  [

                                                                                                                         ],
                                                                                                             "entityKey":  "configurationAccount",
                                                                                                             "booleanActions":  0,
                                                                                                             "policyType":  85,
                                                                                                             "enabled":  true
                                                                                                         }
                                                                                                     ],
                                                                                        "enabled":  true
                                                                                    },
                                                                                    {
                                                                                        "nameResourceKey":  "localGuestAccountOption",
                                                                                        "value":  "localGuestAccount",
                                                                                        "children":  [
                                                                                                         {
                                                                                                             "dataType":  20,
                                                                                                             "category":  57,
                                                                                                             "nameResourceKey":  "testDisplayName",
                                                                                                             "descriptionResourceKey":  "testDisplayNameDescription",
                                                                                                             "emptyValueResourceKey":  "testDisplayNameExample",
                                                                                                             "childSettings":  [

                                                                                                                               ],
                                                                                                             "options":  [

                                                                                                                         ],
                                                                                                             "entityKey":  "localGuestAccountName",
                                                                                                             "booleanActions":  0,
                                                                                                             "policyType":  85,
                                                                                                             "enabled":  true
                                                                                                         }
                                                                                                     ],
                                                                                        "enabled":  true
                                                                                    }
                                                                                ],
                                                                    "entityKey":  "configurationAccountType",
                                                                    "booleanActions":  0,
                                                                    "policyType":  85,
                                                                    "enabled":  true
                                                                },
                                                                {
                                                                    "dataType":  20,
                                                                    "category":  57,
                                                                    "nameResourceKey":  "educationProfileLaunchUri",
                                                                    "descriptionResourceKey":  "educationProfileLaunchUriDesc",
                                                                    "emptyValueResourceKey":  "educationProfileLaunchUriExample",
                                                                    "childSettings":  [

                                                                                      ],
                                                                    "options":  [

                                                                                ],
                                                                    "entityKey":  "launchUri",
                                                                    "booleanActions":  0,
                                                                    "policyType":  85,
                                                                    "enabled":  true
                                                                },
                                                                {
                                                                    "dataType":  0,
                                                                    "category":  57,
                                                                    "nameResourceKey":  "educationProfileTakeATestPrintingCap",
                                                                    "descriptionResourceKey":  "educationProfileTakeATestPrintingCapDesc",
                                                                    "childSettings":  [

                                                                                      ],
                                                                    "options":  [

                                                                                ],
                                                                    "entityKey":  "allowPrinting",
                                                                    "booleanActions":  1,
                                                                    "defaultValue":  false,
                                                                    "policyType":  85,
                                                                    "enabled":  true
                                                                },
                                                                {
                                                                    "dataType":  0,
                                                                    "category":  57,
                                                                    "nameResourceKey":  "educationProfileTakeATestScreenCapture",
                                                                    "descriptionResourceKey":  "educationProfileTakeATestScreenCaptureDesc",
                                                                    "childSettings":  [

                                                                                      ],
                                                                    "options":  [

                                                                                ],
                                                                    "entityKey":  "allowScreenCapture",
                                                                    "booleanActions":  0,
                                                                    "defaultValue":  false,
                                                                    "policyType":  85,
                                                                    "enabled":  true
                                                                },
                                                                {
                                                                    "dataType":  0,
                                                                    "category":  57,
                                                                    "nameResourceKey":  "educationProfileTakeATestTextSuggestion",
                                                                    "descriptionResourceKey":  "educationProfileTakeATestTextSuggestionDesc",
                                                                    "childSettings":  [

                                                                                      ],
                                                                    "options":  [

                                                                                ],
                                                                    "entityKey":  "allowTextSuggestion",
                                                                    "booleanActions":  0,
                                                                    "defaultValue":  false,
                                                                    "policyType":  85,
                                                                    "enabled":  true
                                                                }
                                                            ]
}
