{
    "firewall_macendpointprotection":  [
                                           {
                                               "isSettingDescription":  false,
                                               "showAsSectionHeader":  false,
                                               "dataType":  8,
                                               "category":  62,
                                               "nameResourceKey":  "macFirewallHeader",
                                               "childSettings":  [

                                                                 ],
                                               "options":  [

                                                           ],
                                               "booleanActions":  0,
                                               "policyType":  59,
                                               "enabled":  true
                                           },
                                           {
                                               "dataType":  0,
                                               "category":  62,
                                               "nameResourceKey":  "macFirewallEnableFirewallName",
                                               "descriptionResourceKey":  "macFirewallEnableFirewallDescription",
                                               "childSettings":  [
                                                                     {
                                                                         "dataType":  0,
                                                                         "category":  62,
                                                                         "nameResourceKey":  "macFirewallBlockAllIncomingName",
                                                                         "descriptionResourceKey":  "macFirewallBlockAllIncomingDescription",
                                                                         "childSettings":  [
                                                                                               {
                                                                                                   "isSettingDescription":  false,
                                                                                                   "showAsSectionHeader":  false,
                                                                                                   "dataType":  8,
                                                                                                   "category":  62,
                                                                                                   "nameResourceKey":  "macFirewallAppsHeader",
                                                                                                   "childSettings":  [
                                                                                                                         {
                                                                                                                             "isSettingDescription":  false,
                                                                                                                             "showAsSectionHeader":  true,
                                                                                                                             "dataType":  8,
                                                                                                                             "category":  62,
                                                                                                                             "nameResourceKey":  "FirewallAppsAllowedPageName",
                                                                                                                             "descriptionResourceKey":  "FirewallAppsAllowedHeader",
                                                                                                                             "childSettings":  [

                                                                                                                                               ],
                                                                                                                             "options":  [

                                                                                                                                         ],
                                                                                                                             "booleanActions":  0,
                                                                                                                             "policyType":  59,
                                                                                                                             "enabled":  true
                                                                                                                         },
                                                                                                                         {
                                                                                                                             "columns":  [
                                                                                                                                             {
                                                                                                                                                 "metadata":  {
                                                                                                                                                                  "dataType":  20,
                                                                                                                                                                  "category":  62,
                                                                                                                                                                  "nameResourceKey":  "macFirewallBundleIdName",
                                                                                                                                                                  "descriptionResourceKey":  "Empty",
                                                                                                                                                                  "emptyValueResourceKey":  "macFirewallBundleIdHint",
                                                                                                                                                                  "childSettings":  [

                                                                                                                                                                                    ],
                                                                                                                                                                  "options":  [

                                                                                                                                                                              ],
                                                                                                                                                                  "entityKey":  "bundleId",
                                                                                                                                                                  "booleanActions":  0,
                                                                                                                                                                  "policyType":  59,
                                                                                                                                                                  "enabled":  true
                                                                                                                                                              }
                                                                                                                                             }
                                                                                                                                         ],
                                                                                                                             "dataType":  21,
                                                                                                                             "category":  62,
                                                                                                                             "nameResourceKey":  "macFirewallTableName",
                                                                                                                             "descriptionResourceKey":  "FirewallAppsAllowedPageDescription",
                                                                                                                             "childSettings":  [

                                                                                                                                               ],
                                                                                                                             "options":  [

                                                                                                                                         ],
                                                                                                                             "entityKey":  "firewallAllowedApps",
                                                                                                                             "booleanActions":  0,
                                                                                                                             "policyType":  59,
                                                                                                                             "enabled":  true
                                                                                                                         },
                                                                                                                         {
                                                                                                                             "isSettingDescription":  false,
                                                                                                                             "showAsSectionHeader":  true,
                                                                                                                             "dataType":  8,
                                                                                                                             "category":  62,
                                                                                                                             "nameResourceKey":  "FirewallAppsBlockedPageName",
                                                                                                                             "descriptionResourceKey":  "FirewallAppsBlockedHeader",
                                                                                                                             "childSettings":  [

                                                                                                                                               ],
                                                                                                                             "options":  [

                                                                                                                                         ],
                                                                                                                             "booleanActions":  0,
                                                                                                                             "policyType":  59,
                                                                                                                             "enabled":  true
                                                                                                                         },
                                                                                                                         {
                                                                                                                             "columns":  [
                                                                                                                                             {
                                                                                                                                                 "metadata":  {
                                                                                                                                                                  "dataType":  20,
                                                                                                                                                                  "category":  62,
                                                                                                                                                                  "nameResourceKey":  "macFirewallBundleIdName",
                                                                                                                                                                  "descriptionResourceKey":  "Empty",
                                                                                                                                                                  "emptyValueResourceKey":  "macFirewallBundleIdHint",
                                                                                                                                                                  "childSettings":  [

                                                                                                                                                                                    ],
                                                                                                                                                                  "options":  [

                                                                                                                                                                              ],
                                                                                                                                                                  "entityKey":  "bundleId",
                                                                                                                                                                  "booleanActions":  0,
                                                                                                                                                                  "policyType":  59,
                                                                                                                                                                  "enabled":  true
                                                                                                                                                              }
                                                                                                                                             }
                                                                                                                                         ],
                                                                                                                             "dataType":  21,
                                                                                                                             "category":  62,
                                                                                                                             "nameResourceKey":  "macFirewallTableName",
                                                                                                                             "descriptionResourceKey":  "FirewallAppsBlockedPageDescription",
                                                                                                                             "childSettings":  [

                                                                                                                                               ],
                                                                                                                             "options":  [

                                                                                                                                         ],
                                                                                                                             "entityKey":  "firewallBlockedApps",
                                                                                                                             "booleanActions":  0,
                                                                                                                             "policyType":  59,
                                                                                                                             "enabled":  true
                                                                                                                         }
                                                                                                                     ],
                                                                                                   "options":  [

                                                                                                               ],
                                                                                                   "booleanActions":  0,
                                                                                                   "policyType":  59,
                                                                                                   "enabled":  true
                                                                                               },
                                                                                               {
                                                                                                   "dataType":  0,
                                                                                                   "category":  62,
                                                                                                   "nameResourceKey":  "macFirewallEnableStealthModeName",
                                                                                                   "descriptionResourceKey":  "macFirewallEnableStealthModeDescription",
                                                                                                   "childSettings":  [

                                                                                                                     ],
                                                                                                   "options":  [

                                                                                                               ],
                                                                                                   "entityKey":  "firewallEnableStealthMode",
                                                                                                   "booleanActions":  9,
                                                                                                   "defaultValue":  false,
                                                                                                   "policyType":  59,
                                                                                                   "enabled":  true
                                                                                               }
                                                                                           ],
                                                                         "options":  [

                                                                                     ],
                                                                         "entityKey":  "firewallBlockAllIncoming",
                                                                         "booleanActions":  9,
                                                                         "defaultValue":  false,
                                                                         "policyType":  59,
                                                                         "enabled":  true
                                                                     }
                                                                 ],
                                               "options":  [

                                                           ],
                                               "entityKey":  "firewallEnabled",
                                               "booleanActions":  9,
                                               "defaultValue":  false,
                                               "policyType":  59,
                                               "enabled":  true
                                           }
                                       ]
}
