{
    "keyboardanddictionary_iosgeneral":  {
                                             "isSettingDescription":  false,
                                             "showAsSectionHeader":  true,
                                             "dataType":  8,
                                             "category":  71,
                                             "nameResourceKey":  "automatedDeviceEnrollmentHeaderName",
                                             "descriptionResourceKey":  "automatedDeviceEnrollmentHeaderDescription",
                                             "childSettings":  [
                                                                   {
                                                                       "dataType":  0,
                                                                       "category":  71,
                                                                       "nameResourceKey":  "blockDefinitionLookupName",
                                                                       "childSettings":  [

                                                                                         ],
                                                                       "options":  [

                                                                                   ],
                                                                       "entityKey":  "definitionLookupBlocked",
                                                                       "booleanActions":  9,
                                                                       "defaultValue":  false,
                                                                       "policyType":  46,
                                                                       "enabled":  true
                                                                   },
                                                                   {
                                                                       "dataType":  0,
                                                                       "category":  71,
                                                                       "nameResourceKey":  "blockPredictiveKeyboardName",
                                                                       "childSettings":  [

                                                                                         ],
                                                                       "options":  [

                                                                                   ],
                                                                       "entityKey":  "keyboardBlockPredictive",
                                                                       "booleanActions":  9,
                                                                       "defaultValue":  false,
                                                                       "policyType":  46,
                                                                       "enabled":  true
                                                                   },
                                                                   {
                                                                       "dataType":  0,
                                                                       "category":  71,
                                                                       "nameResourceKey":  "blockAutoCorrectName",
                                                                       "childSettings":  [

                                                                                         ],
                                                                       "options":  [

                                                                                   ],
                                                                       "entityKey":  "keyboardBlockAutoCorrect",
                                                                       "booleanActions":  9,
                                                                       "defaultValue":  false,
                                                                       "policyType":  46,
                                                                       "enabled":  true
                                                                   },
                                                                   {
                                                                       "dataType":  0,
                                                                       "category":  71,
                                                                       "nameResourceKey":  "blockSpellCheckName",
                                                                       "childSettings":  [

                                                                                         ],
                                                                       "options":  [

                                                                                   ],
                                                                       "entityKey":  "keyboardBlockSpellCheck",
                                                                       "booleanActions":  9,
                                                                       "defaultValue":  false,
                                                                       "policyType":  46,
                                                                       "enabled":  true
                                                                   },
                                                                   {
                                                                       "dataType":  0,
                                                                       "category":  71,
                                                                       "nameResourceKey":  "blockKeyboardShortcutsName",
                                                                       "childSettings":  [

                                                                                         ],
                                                                       "options":  [

                                                                                   ],
                                                                       "entityKey":  "keyboardBlockShortcuts",
                                                                       "booleanActions":  9,
                                                                       "defaultValue":  false,
                                                                       "policyType":  46,
                                                                       "enabled":  true
                                                                   },
                                                                   {
                                                                       "dataType":  0,
                                                                       "category":  71,
                                                                       "nameResourceKey":  "keyboardBlockDictationNameIOS",
                                                                       "childSettings":  [

                                                                                         ],
                                                                       "options":  [

                                                                                   ],
                                                                       "entityKey":  "keyboardBlockDictation",
                                                                       "booleanActions":  9,
                                                                       "defaultValue":  false,
                                                                       "policyType":  46,
                                                                       "enabled":  true
                                                                   },
                                                                   {
                                                                       "dataType":  0,
                                                                       "category":  71,
                                                                       "nameResourceKey":  "blockQuickPathName",
                                                                       "descriptionResourceKey":  "blockQuickPathDescription",
                                                                       "childSettings":  [

                                                                                         ],
                                                                       "options":  [

                                                                                   ],
                                                                       "entityKey":  "continuousPathKeyboardBlocked",
                                                                       "booleanActions":  9,
                                                                       "defaultValue":  false,
                                                                       "policyType":  46,
                                                                       "enabled":  true
                                                                   }
                                                               ],
                                             "options":  [

                                                         ],
                                             "booleanActions":  0,
                                             "policyType":  46,
                                             "enabled":  true
                                         }
}
