{
    "kiosk_androidgeneral":  [
                                 {
                                     "isSettingDescription":  true,
                                     "showAsSectionHeader":  false,
                                     "dataType":  8,
                                     "category":  72,
                                     "nameResourceKey":  "androidRestrictedKiosk",
                                     "childSettings":  [

                                                       ],
                                     "options":  [

                                                 ],
                                     "booleanActions":  0,
                                     "policyType":  20,
                                     "enabled":  true
                                 },
                                 {
                                     "columns":  [
                                                     {
                                                         "metadata":  {
                                                                          "dataType":  20,
                                                                          "category":  72,
                                                                          "nameResourceKey":  "singleAppModeAppNameName",
                                                                          "descriptionResourceKey":  "Empty",
                                                                          "childSettings":  [

                                                                                            ],
                                                                          "options":  [

                                                                                      ],
                                                                          "entityKey":  "name",
                                                                          "booleanActions":  0,
                                                                          "policyType":  20,
                                                                          "enabled":  true
                                                                      }
                                                     },
                                                     {
                                                         "metadata":  {
                                                                          "dataType":  20,
                                                                          "category":  72,
                                                                          "nameResourceKey":  "packageName",
                                                                          "descriptionResourceKey":  "Empty",
                                                                          "childSettings":  [

                                                                                            ],
                                                                          "options":  [

                                                                                      ],
                                                                          "entityKey":  "appId",
                                                                          "booleanActions":  0,
                                                                          "policyType":  20,
                                                                          "enabled":  true
                                                                      }
                                                     },
                                                     {
                                                         "metadata":  {
                                                                          "dataType":  20,
                                                                          "category":  72,
                                                                          "nameResourceKey":  "appUrlName",
                                                                          "descriptionResourceKey":  "Empty",
                                                                          "childSettings":  [

                                                                                            ],
                                                                          "options":  [

                                                                                      ],
                                                                          "entityKey":  "appStoreUrl",
                                                                          "booleanActions":  0,
                                                                          "policyType":  20,
                                                                          "enabled":  true
                                                                      }
                                                     },
                                                     {
                                                         "metadata":  {
                                                                          "dataType":  20,
                                                                          "category":  72,
                                                                          "nameResourceKey":  "appPublisherName",
                                                                          "descriptionResourceKey":  "Empty",
                                                                          "childSettings":  [

                                                                                            ],
                                                                          "options":  [

                                                                                      ],
                                                                          "entityKey":  "publisher",
                                                                          "booleanActions":  0,
                                                                          "policyType":  20,
                                                                          "enabled":  true
                                                                      }
                                                     }
                                                 ],
                                     "dataType":  21,
                                     "category":  72,
                                     "nameResourceKey":  "Empty",
                                     "descriptionResourceKey":  "Empty",
                                     "childSettings":  [

                                                       ],
                                     "options":  [

                                                 ],
                                     "entityKey":  "kioskModeApps",
                                     "booleanActions":  0,
                                     "policyType":  20,
                                     "enabled":  true
                                 },
                                 {
                                     "dataType":  0,
                                     "category":  72,
                                     "nameResourceKey":  "kioskModeBlockSleepButtonName",
                                     "descriptionResourceKey":  "kioskModeBlockSleepButtonDescription",
                                     "childSettings":  [

                                                       ],
                                     "options":  [

                                                 ],
                                     "entityKey":  "kioskModeBlockSleepButton",
                                     "booleanActions":  3,
                                     "defaultValue":  false,
                                     "policyType":  20,
                                     "enabled":  true
                                 },
                                 {
                                     "dataType":  0,
                                     "category":  72,
                                     "nameResourceKey":  "kioskModeBlockVolumeButtonsName",
                                     "descriptionResourceKey":  "kioskModeBlockVolumeButtonsDescription",
                                     "childSettings":  [

                                                       ],
                                     "options":  [

                                                 ],
                                     "entityKey":  "kioskModeBlockVolumeButtons",
                                     "booleanActions":  3,
                                     "defaultValue":  false,
                                     "policyType":  20,
                                     "enabled":  true
                                 }
                             ]
}
