{
    "kiosk_iosgeneral":  [
                             {
                                 "isSettingDescription":  false,
                                 "showAsSectionHeader":  false,
                                 "dataType":  8,
                                 "category":  72,
                                 "nameResourceKey":  "IosGeneralKioskHeader",
                                 "childSettings":  [

                                                   ],
                                 "options":  [

                                             ],
                                 "booleanActions":  0,
                                 "policyType":  46,
                                 "enabled":  true
                             },
                             {
                                 "isSettingDescription":  false,
                                 "showAsSectionHeader":  true,
                                 "dataType":  8,
                                 "category":  72,
                                 "nameResourceKey":  "automatedDeviceEnrollmentHeaderName",
                                 "descriptionResourceKey":  "automatedDeviceEnrollmentHeaderDescription",
                                 "childSettings":  [
                                                       {
                                                           "dataType":  16,
                                                           "category":  72,
                                                           "nameResourceKey":  "kioskModeAppStoreUrlOrManagedAppIdName",
                                                           "descriptionResourceKey":  "empty",
                                                           "childSettings":  [
                                                                                 {
                                                                                     "dataType":  0,
                                                                                     "category":  72,
                                                                                     "nameResourceKey":  "kioskModeForceAssistiveTouchName",
                                                                                     "childSettings":  [

                                                                                                       ],
                                                                                     "options":  [

                                                                                                 ],
                                                                                     "entityKey":  "kioskModeRequireAssistiveTouch",
                                                                                     "booleanActions":  9,
                                                                                     "defaultValue":  false,
                                                                                     "policyType":  46,
                                                                                     "enabled":  true
                                                                                 },
                                                                                 {
                                                                                     "dataType":  0,
                                                                                     "category":  72,
                                                                                     "nameResourceKey":  "kioskModeForceColorInversionName",
                                                                                     "childSettings":  [

                                                                                                       ],
                                                                                     "options":  [

                                                                                                 ],
                                                                                     "entityKey":  "kioskModeRequireColorInversion",
                                                                                     "booleanActions":  9,
                                                                                     "defaultValue":  false,
                                                                                     "policyType":  46,
                                                                                     "enabled":  true
                                                                                 },
                                                                                 {
                                                                                     "dataType":  0,
                                                                                     "category":  72,
                                                                                     "nameResourceKey":  "kioskModeForceMonoAudioName",
                                                                                     "childSettings":  [

                                                                                                       ],
                                                                                     "options":  [

                                                                                                 ],
                                                                                     "entityKey":  "kioskModeRequireMonoAudio",
                                                                                     "booleanActions":  9,
                                                                                     "defaultValue":  false,
                                                                                     "policyType":  46,
                                                                                     "enabled":  true
                                                                                 },
                                                                                 {
                                                                                     "dataType":  0,
                                                                                     "category":  72,
                                                                                     "nameResourceKey":  "kioskModeForceVoiceControlName",
                                                                                     "childSettings":  [

                                                                                                       ],
                                                                                     "options":  [

                                                                                                 ],
                                                                                     "entityKey":  "kioskModeEnableVoiceControl",
                                                                                     "booleanActions":  9,
                                                                                     "defaultValue":  false,
                                                                                     "policyType":  46,
                                                                                     "enabled":  true
                                                                                 },
                                                                                 {
                                                                                     "dataType":  0,
                                                                                     "category":  72,
                                                                                     "nameResourceKey":  "kioskModeForceVoiceOverName",
                                                                                     "childSettings":  [

                                                                                                       ],
                                                                                     "options":  [

                                                                                                 ],
                                                                                     "entityKey":  "kioskModeRequireVoiceOver",
                                                                                     "booleanActions":  9,
                                                                                     "defaultValue":  false,
                                                                                     "policyType":  46,
                                                                                     "enabled":  true
                                                                                 },
                                                                                 {
                                                                                     "dataType":  0,
                                                                                     "category":  72,
                                                                                     "nameResourceKey":  "kioskModeForceZoomName",
                                                                                     "childSettings":  [

                                                                                                       ],
                                                                                     "options":  [

                                                                                                 ],
                                                                                     "entityKey":  "kioskModeRequireZoom",
                                                                                     "booleanActions":  9,
                                                                                     "defaultValue":  false,
                                                                                     "policyType":  46,
                                                                                     "enabled":  true
                                                                                 },
                                                                                 {
                                                                                     "dataType":  0,
                                                                                     "category":  72,
                                                                                     "nameResourceKey":  "kioskModeBlockAutoLockName",
                                                                                     "childSettings":  [

                                                                                                       ],
                                                                                     "options":  [

                                                                                                 ],
                                                                                     "entityKey":  "kioskModeBlockAutoLock",
                                                                                     "booleanActions":  9,
                                                                                     "defaultValue":  false,
                                                                                     "policyType":  46,
                                                                                     "enabled":  true
                                                                                 },
                                                                                 {
                                                                                     "dataType":  0,
                                                                                     "category":  72,
                                                                                     "nameResourceKey":  "kioskModeBlockRingerSwitchName",
                                                                                     "childSettings":  [

                                                                                                       ],
                                                                                     "options":  [

                                                                                                 ],
                                                                                     "entityKey":  "kioskModeBlockRingerSwitch",
                                                                                     "booleanActions":  9,
                                                                                     "defaultValue":  false,
                                                                                     "policyType":  46,
                                                                                     "enabled":  true
                                                                                 },
                                                                                 {
                                                                                     "dataType":  0,
                                                                                     "category":  72,
                                                                                     "nameResourceKey":  "kioskModeBlockScreenRotationName",
                                                                                     "childSettings":  [

                                                                                                       ],
                                                                                     "options":  [

                                                                                                 ],
                                                                                     "entityKey":  "kioskModeBlockScreenRotation",
                                                                                     "booleanActions":  9,
                                                                                     "defaultValue":  false,
                                                                                     "policyType":  46,
                                                                                     "enabled":  true
                                                                                 },
                                                                                 {
                                                                                     "dataType":  0,
                                                                                     "category":  72,
                                                                                     "nameResourceKey":  "kioskModeBlockSleepButtonName",
                                                                                     "childSettings":  [

                                                                                                       ],
                                                                                     "options":  [

                                                                                                 ],
                                                                                     "entityKey":  "kioskModeBlockSleepButton",
                                                                                     "booleanActions":  9,
                                                                                     "defaultValue":  false,
                                                                                     "policyType":  46,
                                                                                     "enabled":  true
                                                                                 },
                                                                                 {
                                                                                     "dataType":  0,
                                                                                     "category":  72,
                                                                                     "nameResourceKey":  "kioskModeBlockTouchscreenName",
                                                                                     "childSettings":  [

                                                                                                       ],
                                                                                     "options":  [

                                                                                                 ],
                                                                                     "entityKey":  "kioskModeBlockTouchscreen",
                                                                                     "booleanActions":  9,
                                                                                     "defaultValue":  false,
                                                                                     "policyType":  46,
                                                                                     "enabled":  true
                                                                                 },
                                                                                 {
                                                                                     "dataType":  0,
                                                                                     "category":  72,
                                                                                     "nameResourceKey":  "KioskModeBlockVolumeButtonsName",
                                                                                     "childSettings":  [

                                                                                                       ],
                                                                                     "options":  [

                                                                                                 ],
                                                                                     "entityKey":  "kioskModeBlockVolumeButtons",
                                                                                     "booleanActions":  9,
                                                                                     "defaultValue":  false,
                                                                                     "policyType":  46,
                                                                                     "enabled":  true
                                                                                 },
                                                                                 {
                                                                                     "dataType":  0,
                                                                                     "category":  72,
                                                                                     "nameResourceKey":  "kioskModeAllowAssistiveTouchSettingsName",
                                                                                     "childSettings":  [

                                                                                                       ],
                                                                                     "options":  [

                                                                                                 ],
                                                                                     "entityKey":  "kioskModeAllowAssistiveTouchSettings",
                                                                                     "booleanActions":  9,
                                                                                     "defaultValue":  false,
                                                                                     "policyType":  46,
                                                                                     "enabled":  true
                                                                                 },
                                                                                 {
                                                                                     "dataType":  0,
                                                                                     "category":  72,
                                                                                     "nameResourceKey":  "kioskModeAllowColorInversionSettingsName",
                                                                                     "childSettings":  [

                                                                                                       ],
                                                                                     "options":  [

                                                                                                 ],
                                                                                     "entityKey":  "kioskModeAllowColorInversionSettings",
                                                                                     "booleanActions":  9,
                                                                                     "defaultValue":  false,
                                                                                     "policyType":  46,
                                                                                     "enabled":  true
                                                                                 },
                                                                                 {
                                                                                     "dataType":  0,
                                                                                     "category":  72,
                                                                                     "nameResourceKey":  "kioskModeAllowAssistiveSpeakName",
                                                                                     "childSettings":  [

                                                                                                       ],
                                                                                     "options":  [

                                                                                                 ],
                                                                                     "entityKey":  "kioskModeAllowAssistiveSpeak",
                                                                                     "booleanActions":  9,
                                                                                     "defaultValue":  false,
                                                                                     "policyType":  46,
                                                                                     "enabled":  true
                                                                                 },
                                                                                 {
                                                                                     "dataType":  0,
                                                                                     "category":  72,
                                                                                     "nameResourceKey":  "kioskModeAllowVoiceControlModificationName",
                                                                                     "descriptionResourceKey":  "kioskModeAllowVoiceControlModificationDescription",
                                                                                     "childSettings":  [

                                                                                                       ],
                                                                                     "options":  [

                                                                                                 ],
                                                                                     "entityKey":  "kioskModeAllowVoiceControlModification",
                                                                                     "booleanActions":  9,
                                                                                     "defaultValue":  false,
                                                                                     "policyType":  46,
                                                                                     "enabled":  true
                                                                                 },
                                                                                 {
                                                                                     "dataType":  0,
                                                                                     "category":  72,
                                                                                     "nameResourceKey":  "kioskModeAllowVoiceOverSettingsName",
                                                                                     "childSettings":  [

                                                                                                       ],
                                                                                     "options":  [

                                                                                                 ],
                                                                                     "entityKey":  "kioskModeAllowVoiceOverSettings",
                                                                                     "booleanActions":  9,
                                                                                     "defaultValue":  false,
                                                                                     "policyType":  46,
                                                                                     "enabled":  true
                                                                                 },
                                                                                 {
                                                                                     "dataType":  0,
                                                                                     "category":  72,
                                                                                     "nameResourceKey":  "kioskModeAllowZoomSettingsName",
                                                                                     "childSettings":  [

                                                                                                       ],
                                                                                     "options":  [

                                                                                                 ],
                                                                                     "entityKey":  "kioskModeAllowZoomSettings",
                                                                                     "booleanActions":  9,
                                                                                     "defaultValue":  false,
                                                                                     "policyType":  46,
                                                                                     "enabled":  true
                                                                                 }
                                                                             ],
                                                           "options":  [
                                                                           {
                                                                               "nameResourceKey":  "notConfigured",
                                                                               "enabled":  true
                                                                           },
                                                                           {
                                                                               "nameResourceKey":  "storeAppOption",
                                                                               "value":  0,
                                                                               "children":  [
                                                                                                {
                                                                                                    "dataType":  20,
                                                                                                    "category":  72,
                                                                                                    "nameResourceKey":  "kioskModeAppStoreUrlName",
                                                                                                    "descriptionResourceKey":  "kioskModeAppStoreUrlDescription",
                                                                                                    "emptyValueResourceKey":  "kioskModeAppStoreExample",
                                                                                                    "childSettings":  [

                                                                                                                      ],
                                                                                                    "options":  [

                                                                                                                ],
                                                                                                    "entityKey":  "kioskModeAppStoreUrl",
                                                                                                    "booleanActions":  0,
                                                                                                    "policyType":  46,
                                                                                                    "enabled":  true
                                                                                                }
                                                                                            ],
                                                                               "enabled":  true
                                                                           },
                                                                           {
                                                                               "nameResourceKey":  "managedAppOption",
                                                                               "value":  1,
                                                                               "children":  [
                                                                                                {
                                                                                                    "complexOptions":  [
                                                                                                                           {
                                                                                                                               "dataType":  11,
                                                                                                                               "category":  72,
                                                                                                                               "nameResourceKey":  "kioskModeManagedAppName",
                                                                                                                               "descriptionResourceKey":  "kioskModeManagedAppDescription",
                                                                                                                               "childSettings":  [

                                                                                                                                                 ],
                                                                                                                               "options":  [

                                                                                                                                           ],
                                                                                                                               "entityKey":  "kioskModeManagedAppId",
                                                                                                                               "booleanActions":  0,
                                                                                                                               "policyType":  46,
                                                                                                                               "enabled":  true
                                                                                                                           }
                                                                                                                       ],
                                                                                                    "dataType":  5,
                                                                                                    "category":  72,
                                                                                                    "nameResourceKey":  "kioskModeManagedAppChevronName",
                                                                                                    "emptyValueResourceKey":  "selectManagedApp",
                                                                                                    "childSettings":  [

                                                                                                                      ],
                                                                                                    "options":  [

                                                                                                                ],
                                                                                                    "entityKey":  "kioskModeManagedAppId",
                                                                                                    "booleanActions":  0,
                                                                                                    "policyType":  46,
                                                                                                    "enabled":  true
                                                                                                }
                                                                                            ],
                                                                               "enabled":  true
                                                                           },
                                                                           {
                                                                               "nameResourceKey":  "builtinAppOption",
                                                                               "value":  2,
                                                                               "children":  [
                                                                                                {
                                                                                                    "dataType":  20,
                                                                                                    "category":  72,
                                                                                                    "nameResourceKey":  "kioskModeBuiltInAppIdName",
                                                                                                    "descriptionResourceKey":  "kioskModeBuiltInAppIdDescription",
                                                                                                    "emptyValueResourceKey":  "KioskModeBuiltinAppExample",
                                                                                                    "childSettings":  [

                                                                                                                      ],
                                                                                                    "options":  [

                                                                                                                ],
                                                                                                    "entityKey":  "kioskModeBuiltInAppId",
                                                                                                    "booleanActions":  0,
                                                                                                    "policyType":  46,
                                                                                                    "enabled":  true
                                                                                                }
                                                                                            ],
                                                                               "enabled":  true
                                                                           }
                                                                       ],
                                                           "entityKey":  "KioskModeAppTypeDropDown",
                                                           "booleanActions":  0,
                                                           "policyType":  46,
                                                           "enabled":  true
                                                       }
                                                   ],
                                 "options":  [

                                             ],
                                 "booleanActions":  0,
                                 "policyType":  46,
                                 "enabled":  true
                             }
                         ]
}
