{
    "lockedscreenexperience_iosgeneral":  [
                                              {
                                                  "isSettingDescription":  false,
                                                  "showAsSectionHeader":  true,
                                                  "dataType":  8,
                                                  "category":  78,
                                                  "nameResourceKey":  "allEnrollmentTypesHeaderName",
                                                  "descriptionResourceKey":  "allEnrollmentTypesHeaderDescription",
                                                  "childSettings":  [
                                                                        {
                                                                            "dataType":  0,
                                                                            "category":  78,
                                                                            "nameResourceKey":  "blockControlCenterInLockScreenName",
                                                                            "childSettings":  [

                                                                                              ],
                                                                            "options":  [

                                                                                        ],
                                                                            "entityKey":  "lockScreenBlockControlCenter",
                                                                            "booleanActions":  9,
                                                                            "defaultValue":  false,
                                                                            "policyType":  46,
                                                                            "enabled":  true
                                                                        },
                                                                        {
                                                                            "dataType":  0,
                                                                            "category":  78,
                                                                            "nameResourceKey":  "blockNotificationsWhileLockedName",
                                                                            "childSettings":  [

                                                                                              ],
                                                                            "options":  [

                                                                                        ],
                                                                            "entityKey":  "lockScreenBlockNotificationView",
                                                                            "booleanActions":  9,
                                                                            "defaultValue":  false,
                                                                            "policyType":  46,
                                                                            "enabled":  true
                                                                        },
                                                                        {
                                                                            "dataType":  0,
                                                                            "category":  78,
                                                                            "nameResourceKey":  "blockTodayViewInLockScreenName",
                                                                            "childSettings":  [

                                                                                              ],
                                                                            "options":  [

                                                                                        ],
                                                                            "entityKey":  "lockScreenBlockTodayView",
                                                                            "booleanActions":  9,
                                                                            "defaultValue":  false,
                                                                            "policyType":  46,
                                                                            "enabled":  true
                                                                        }
                                                                    ],
                                                  "options":  [

                                                              ],
                                                  "booleanActions":  0,
                                                  "policyType":  46,
                                                  "enabled":  true
                                              },
                                              {
                                                  "isSettingDescription":  false,
                                                  "showAsSectionHeader":  true,
                                                  "dataType":  8,
                                                  "category":  78,
                                                  "nameResourceKey":  "deviceEnrollmentAndAutomatedDeviceEnrollmentHeaderName",
                                                  "descriptionResourceKey":  "deviceEnrollmentAndAutomatedDeviceEnrollmentHeaderDescription",
                                                  "childSettings":  [
                                                                        {
                                                                            "dataType":  0,
                                                                            "category":  78,
                                                                            "nameResourceKey":  "blockPassbookWhileLockedName",
                                                                            "childSettings":  [

                                                                                              ],
                                                                            "options":  [

                                                                                        ],
                                                                            "entityKey":  "lockScreenBlockPassbook",
                                                                            "booleanActions":  9,
                                                                            "defaultValue":  false,
                                                                            "policyType":  46,
                                                                            "enabled":  true
                                                                        }
                                                                    ],
                                                  "options":  [

                                                              ],
                                                  "booleanActions":  0,
                                                  "policyType":  46,
                                                  "enabled":  true
                                              }
                                          ]
}
