{
    "maintenance_windows10teamgeneral":  {
                                             "dataType":  0,
                                             "category":  84,
                                             "nameResourceKey":  "maintenanceWindowForUpdatesName",
                                             "descriptionResourceKey":  "empty",
                                             "childSettings":  [
                                                                   {
                                                                       "dataType":  16,
                                                                       "category":  84,
                                                                       "nameResourceKey":  "startTime",
                                                                       "descriptionResourceKey":  "empty",
                                                                       "childSettings":  [

                                                                                         ],
                                                                       "options":  [
                                                                                       {
                                                                                           "nameResourceKey":  "notConfigured",
                                                                                           "enabled":  true
                                                                                       },
                                                                                       {
                                                                                           "nameResourceKey":  "twelveAMOption",
                                                                                           "value":  "00:00:00.0000000",
                                                                                           "enabled":  true
                                                                                       },
                                                                                       {
                                                                                           "nameResourceKey":  "oneAMOption",
                                                                                           "value":  "01:00:00.0000000",
                                                                                           "enabled":  true
                                                                                       },
                                                                                       {
                                                                                           "nameResourceKey":  "twoAMOption",
                                                                                           "value":  "02:00:00.0000000",
                                                                                           "enabled":  true
                                                                                       },
                                                                                       {
                                                                                           "nameResourceKey":  "threeAMOption",
                                                                                           "value":  "03:00:00.0000000",
                                                                                           "enabled":  true
                                                                                       },
                                                                                       {
                                                                                           "nameResourceKey":  "fourAMOption",
                                                                                           "value":  "04:00:00.0000000",
                                                                                           "enabled":  true
                                                                                       },
                                                                                       {
                                                                                           "nameResourceKey":  "fiveAMOption",
                                                                                           "value":  "05:00:00.0000000",
                                                                                           "enabled":  true
                                                                                       },
                                                                                       {
                                                                                           "nameResourceKey":  "sixAMOption",
                                                                                           "value":  "06:00:00.0000000",
                                                                                           "enabled":  true
                                                                                       },
                                                                                       {
                                                                                           "nameResourceKey":  "sevenAMOption",
                                                                                           "value":  "07:00:00.0000000",
                                                                                           "enabled":  true
                                                                                       },
                                                                                       {
                                                                                           "nameResourceKey":  "eightAMOption",
                                                                                           "value":  "08:00:00.0000000",
                                                                                           "enabled":  true
                                                                                       },
                                                                                       {
                                                                                           "nameResourceKey":  "nineAMOption",
                                                                                           "value":  "09:00:00.0000000",
                                                                                           "enabled":  true
                                                                                       },
                                                                                       {
                                                                                           "nameResourceKey":  "tenAMOption",
                                                                                           "value":  "10:00:00.0000000",
                                                                                           "enabled":  true
                                                                                       },
                                                                                       {
                                                                                           "nameResourceKey":  "elevenAMOption",
                                                                                           "value":  "11:00:00.0000000",
                                                                                           "enabled":  true
                                                                                       },
                                                                                       {
                                                                                           "nameResourceKey":  "twelvePMOption",
                                                                                           "value":  "12:00:00.0000000",
                                                                                           "enabled":  true
                                                                                       },
                                                                                       {
                                                                                           "nameResourceKey":  "onePMOption",
                                                                                           "value":  "13:00:00.0000000",
                                                                                           "enabled":  true
                                                                                       },
                                                                                       {
                                                                                           "nameResourceKey":  "twoPMOption",
                                                                                           "value":  "14:00:00.0000000",
                                                                                           "enabled":  true
                                                                                       },
                                                                                       {
                                                                                           "nameResourceKey":  "threePMOption",
                                                                                           "value":  "15:00:00.0000000",
                                                                                           "enabled":  true
                                                                                       },
                                                                                       {
                                                                                           "nameResourceKey":  "fourPMOption",
                                                                                           "value":  "16:00:00.0000000",
                                                                                           "enabled":  true
                                                                                       },
                                                                                       {
                                                                                           "nameResourceKey":  "fivePMOption",
                                                                                           "value":  "17:00:00.0000000",
                                                                                           "enabled":  true
                                                                                       },
                                                                                       {
                                                                                           "nameResourceKey":  "sixPMOption",
                                                                                           "value":  "18:00:00.0000000",
                                                                                           "enabled":  true
                                                                                       },
                                                                                       {
                                                                                           "nameResourceKey":  "sevenPMOption",
                                                                                           "value":  "19:00:00.0000000",
                                                                                           "enabled":  true
                                                                                       },
                                                                                       {
                                                                                           "nameResourceKey":  "eightPMOption",
                                                                                           "value":  "20:00:00.0000000",
                                                                                           "enabled":  true
                                                                                       },
                                                                                       {
                                                                                           "nameResourceKey":  "ninePMOption",
                                                                                           "value":  "21:00:00.0000000",
                                                                                           "enabled":  true
                                                                                       },
                                                                                       {
                                                                                           "nameResourceKey":  "tenPMOption",
                                                                                           "value":  "22:00:00.0000000",
                                                                                           "enabled":  true
                                                                                       },
                                                                                       {
                                                                                           "nameResourceKey":  "elevenPMOption",
                                                                                           "value":  "23:00:00.0000000",
                                                                                           "enabled":  true
                                                                                       }
                                                                                   ],
                                                                       "entityKey":  "maintenanceWindowStartTime",
                                                                       "booleanActions":  0,
                                                                       "policyType":  87,
                                                                       "enabled":  true
                                                                   },
                                                                   {
                                                                       "dataType":  16,
                                                                       "category":  84,
                                                                       "nameResourceKey":  "durationInHours",
                                                                       "descriptionResourceKey":  "empty",
                                                                       "childSettings":  [

                                                                                         ],
                                                                       "options":  [
                                                                                       {
                                                                                           "nameResourceKey":  "notConfigured",
                                                                                           "enabled":  true
                                                                                       },
                                                                                       {
                                                                                           "displayText":  "1",
                                                                                           "value":  1,
                                                                                           "enabled":  true
                                                                                       },
                                                                                       {
                                                                                           "displayText":  "2",
                                                                                           "value":  2,
                                                                                           "enabled":  true
                                                                                       },
                                                                                       {
                                                                                           "displayText":  "3",
                                                                                           "value":  3,
                                                                                           "enabled":  true
                                                                                       },
                                                                                       {
                                                                                           "displayText":  "4",
                                                                                           "value":  4,
                                                                                           "enabled":  true
                                                                                       },
                                                                                       {
                                                                                           "displayText":  "5",
                                                                                           "value":  5,
                                                                                           "enabled":  true
                                                                                       }
                                                                                   ],
                                                                       "entityKey":  "maintenanceWindowDurationInHours",
                                                                       "booleanActions":  0,
                                                                       "policyType":  87,
                                                                       "enabled":  true
                                                                   }
                                                               ],
                                             "options":  [

                                                         ],
                                             "entityKey":  "syntheticMaintenanceWindowEnabled",
                                             "booleanActions":  2,
                                             "defaultValue":  false,
                                             "policyType":  87,
                                             "enabled":  true
                                         }
}
