{
    "networkboundary_windows10networkboundary":  [
                                                     {
                                                         "isSettingDescription":  false,
                                                         "showAsSectionHeader":  false,
                                                         "dataType":  8,
                                                         "category":  88,
                                                         "nameResourceKey":  "learnMore",
                                                         "childSettings":  [

                                                                           ],
                                                         "options":  [

                                                                     ],
                                                         "booleanActions":  0,
                                                         "policyType":  91,
                                                         "enabled":  true
                                                     },
                                                     {
                                                         "columns":  [
                                                                         {
                                                                             "metadata":  {
                                                                                              "dataType":  16,
                                                                                              "category":  88,
                                                                                              "nameResourceKey":  "networkBoundaryTypeInputName",
                                                                                              "descriptionResourceKey":  "empty",
                                                                                              "childSettings":  [

                                                                                                                ],
                                                                                              "options":  [
                                                                                                              {
                                                                                                                  "nameResourceKey":  "notConfigured",
                                                                                                                  "enabled":  true
                                                                                                              },
                                                                                                              {
                                                                                                                  "nameResourceKey":  "networkBoundaryIPv4RangeTypeName",
                                                                                                                  "value":  "ipv4Range",
                                                                                                                  "enabled":  true
                                                                                                              },
                                                                                                              {
                                                                                                                  "nameResourceKey":  "networkBoundaryIPv6RangeTypeName",
                                                                                                                  "value":  "ipv6Range",
                                                                                                                  "enabled":  true
                                                                                                              },
                                                                                                              {
                                                                                                                  "nameResourceKey":  "networkBoundaryCloudResourcesTypeName",
                                                                                                                  "value":  "cloudResources",
                                                                                                                  "enabled":  true
                                                                                                              },
                                                                                                              {
                                                                                                                  "nameResourceKey":  "networkBoundaryNetworkDomainsTypeName",
                                                                                                                  "value":  "networkDomains",
                                                                                                                  "enabled":  true
                                                                                                              },
                                                                                                              {
                                                                                                                  "nameResourceKey":  "networkBoundaryProxyServersTypeName",
                                                                                                                  "value":  "proxyServers",
                                                                                                                  "enabled":  true
                                                                                                              },
                                                                                                              {
                                                                                                                  "nameResourceKey":  "networkBoundaryInternalProxyServersTypeName",
                                                                                                                  "value":  "internalProxyServers",
                                                                                                                  "enabled":  true
                                                                                                              },
                                                                                                              {
                                                                                                                  "nameResourceKey":  "networkBoundaryNeutralResourcesTypeName",
                                                                                                                  "value":  "neutralResources",
                                                                                                                  "enabled":  true
                                                                                                              }
                                                                                                          ],
                                                                                              "entityKey":  "networkBoundaryType",
                                                                                              "booleanActions":  0,
                                                                                              "policyType":  91,
                                                                                              "enabled":  true
                                                                                          }
                                                                         },
                                                                         {
                                                                             "metadata":  {
                                                                                              "dataType":  20,
                                                                                              "category":  88,
                                                                                              "nameResourceKey":  "networkBoundaryValueInputName",
                                                                                              "descriptionResourceKey":  "empty",
                                                                                              "childSettings":  [

                                                                                                                ],
                                                                                              "options":  [

                                                                                                          ],
                                                                                              "entityKey":  "networkBoundaryValue",
                                                                                              "booleanActions":  0,
                                                                                              "policyType":  91,
                                                                                              "enabled":  true
                                                                                          }
                                                                         }
                                                                     ],
                                                         "dataType":  21,
                                                         "category":  88,
                                                         "nameResourceKey":  "networkBoundaryValuesTableName",
                                                         "descriptionResourceKey":  "empty",
                                                         "childSettings":  [

                                                                           ],
                                                         "options":  [

                                                                     ],
                                                         "entityKey":  "networkBoundaryValues",
                                                         "booleanActions":  0,
                                                         "policyType":  91,
                                                         "enabled":  true
                                                     },
                                                     {
                                                         "dataType":  0,
                                                         "category":  88,
                                                         "nameResourceKey":  "proxyServersAutoDetectionName",
                                                         "descriptionResourceKey":  "empty",
                                                         "childSettings":  [

                                                                           ],
                                                         "options":  [

                                                                     ],
                                                         "entityKey":  "disableProxyServersAutoDetection",
                                                         "booleanActions":  5,
                                                         "defaultValue":  false,
                                                         "policyType":  91,
                                                         "enabled":  true
                                                     },
                                                     {
                                                         "dataType":  0,
                                                         "category":  88,
                                                         "nameResourceKey":  "ipAutoDetectionName",
                                                         "descriptionResourceKey":  "empty",
                                                         "childSettings":  [

                                                                           ],
                                                         "options":  [

                                                                     ],
                                                         "entityKey":  "disableIPAutoDetection",
                                                         "booleanActions":  5,
                                                         "defaultValue":  false,
                                                         "policyType":  91,
                                                         "enabled":  true
                                                     }
                                                 ]
}
