{
    "password_macgeneral":  {
                                "isSettingDescription":  false,
                                "showAsSectionHeader":  true,
                                "dataType":  8,
                                "category":  90,
                                "nameResourceKey":  "allEnrollmentTypesHeaderNameMac",
                                "descriptionResourceKey":  "allEnrollmentTypesHeaderDescriptionMac",
                                "childSettings":  [
                                                      {
                                                          "dataType":  0,
                                                          "category":  90,
                                                          "nameResourceKey":  "macRequirePasswordName",
                                                          "childSettings":  [
                                                                                {
                                                                                    "dataType":  16,
                                                                                    "category":  90,
                                                                                    "nameResourceKey":  "requiredPasswordTypeName",
                                                                                    "descriptionResourceKey":  "requiredPasswordTypeDescription",
                                                                                    "childSettings":  [

                                                                                                      ],
                                                                                    "options":  [
                                                                                                    {
                                                                                                        "nameResourceKey":  "notConfigured",
                                                                                                        "value":  "deviceDefault",
                                                                                                        "enabled":  true
                                                                                                    },
                                                                                                    {
                                                                                                        "nameResourceKey":  "numericPasswordTypeName",
                                                                                                        "value":  "numeric",
                                                                                                        "enabled":  true
                                                                                                    },
                                                                                                    {
                                                                                                        "nameResourceKey":  "alphanumericPasswordTypeName",
                                                                                                        "value":  "alphanumeric",
                                                                                                        "enabled":  true
                                                                                                    }
                                                                                                ],
                                                                                    "entityKey":  "passwordRequiredType",
                                                                                    "booleanActions":  0,
                                                                                    "defaultValue":  "deviceDefault",
                                                                                    "unconfiguredValue":  "deviceDefault",
                                                                                    "policyType":  61,
                                                                                    "enabled":  true
                                                                                },
                                                                                {
                                                                                    "dataType":  16,
                                                                                    "category":  90,
                                                                                    "nameResourceKey":  "numberOfComplexCharactersInPasswordName",
                                                                                    "descriptionResourceKey":  "numberOfComplexCharactersInPasswordDescription",
                                                                                    "childSettings":  [

                                                                                                      ],
                                                                                    "options":  [
                                                                                                    {
                                                                                                        "nameResourceKey":  "notConfigured",
                                                                                                        "enabled":  true
                                                                                                    },
                                                                                                    {
                                                                                                        "displayText":  "1",
                                                                                                        "value":  1,
                                                                                                        "enabled":  true
                                                                                                    },
                                                                                                    {
                                                                                                        "displayText":  "2",
                                                                                                        "value":  2,
                                                                                                        "enabled":  true
                                                                                                    },
                                                                                                    {
                                                                                                        "displayText":  "3",
                                                                                                        "value":  3,
                                                                                                        "enabled":  true
                                                                                                    },
                                                                                                    {
                                                                                                        "displayText":  "4",
                                                                                                        "value":  4,
                                                                                                        "enabled":  true
                                                                                                    }
                                                                                                ],
                                                                                    "entityKey":  "passwordMinimumCharacterSetCount",
                                                                                    "booleanActions":  0,
                                                                                    "policyType":  61,
                                                                                    "enabled":  true
                                                                                },
                                                                                {
                                                                                    "dataType":  14,
                                                                                    "category":  90,
                                                                                    "nameResourceKey":  "minimumPasswordLengthName",
                                                                                    "descriptionResourceKey":  "minimumPasswordLengthDescription",
                                                                                    "emptyValueResourceKey":  "minimumPasswordLengthEmptyValueKeyFourToSixteen",
                                                                                    "childSettings":  [

                                                                                                      ],
                                                                                    "options":  [

                                                                                                ],
                                                                                    "entityKey":  "passwordMinimumLength",
                                                                                    "booleanActions":  0,
                                                                                    "defaultValue":  4,
                                                                                    "policyType":  61,
                                                                                    "enabled":  true
                                                                                },
                                                                                {
                                                                                    "dataType":  0,
                                                                                    "category":  90,
                                                                                    "nameResourceKey":  "macBlockSimplePasswordsName",
                                                                                    "descriptionResourceKey":  "blockSimplePasswordsDescription",
                                                                                    "childSettings":  [

                                                                                                      ],
                                                                                    "options":  [

                                                                                                ],
                                                                                    "entityKey":  "passwordBlockSimple",
                                                                                    "booleanActions":  9,
                                                                                    "defaultValue":  false,
                                                                                    "policyType":  61,
                                                                                    "enabled":  true
                                                                                },
                                                                                {
                                                                                    "dataType":  16,
                                                                                    "category":  90,
                                                                                    "nameResourceKey":  "minutesOfInactivityBeforePassword",
                                                                                    "descriptionResourceKey":  "minutesOfInactivityBeforePasswordDescription",
                                                                                    "childSettings":  [

                                                                                                      ],
                                                                                    "options":  [
                                                                                                    {
                                                                                                        "nameResourceKey":  "notConfigured",
                                                                                                        "enabled":  true
                                                                                                    },
                                                                                                    {
                                                                                                        "nameResourceKey":  "immediatelyOption",
                                                                                                        "value":  0,
                                                                                                        "enabled":  true
                                                                                                    },
                                                                                                    {
                                                                                                        "nameResourceKey":  "oneMinuteOption",
                                                                                                        "value":  1,
                                                                                                        "enabled":  true
                                                                                                    },
                                                                                                    {
                                                                                                        "nameResourceKey":  "fiveMinutesOption",
                                                                                                        "value":  5,
                                                                                                        "enabled":  true
                                                                                                    },
                                                                                                    {
                                                                                                        "nameResourceKey":  "fifteenMinutesOption",
                                                                                                        "value":  15,
                                                                                                        "enabled":  true
                                                                                                    },
                                                                                                    {
                                                                                                        "nameResourceKey":  "oneHourOption",
                                                                                                        "value":  60,
                                                                                                        "enabled":  true
                                                                                                    },
                                                                                                    {
                                                                                                        "nameResourceKey":  "fourHoursOption",
                                                                                                        "value":  240,
                                                                                                        "enabled":  true
                                                                                                    },
                                                                                                    {
                                                                                                        "nameResourceKey":  "eightHoursOption",
                                                                                                        "value":  480,
                                                                                                        "enabled":  true
                                                                                                    }
                                                                                                ],
                                                                                    "entityKey":  "passwordMinutesOfInactivityBeforeLock",
                                                                                    "booleanActions":  0,
                                                                                    "policyType":  61,
                                                                                    "enabled":  true
                                                                                },
                                                                                {
                                                                                    "dataType":  16,
                                                                                    "category":  90,
                                                                                    "nameResourceKey":  "minutesOfInactivityBeforeScreenTurnsOffName",
                                                                                    "descriptionResourceKey":  "minutesOfInactivityBeforeScreenTurnsOffDescription",
                                                                                    "childSettings":  [

                                                                                                      ],
                                                                                    "options":  [
                                                                                                    {
                                                                                                        "nameResourceKey":  "notConfigured",
                                                                                                        "enabled":  true
                                                                                                    },
                                                                                                    {
                                                                                                        "nameResourceKey":  "immediatelyOption",
                                                                                                        "value":  0,
                                                                                                        "enabled":  true
                                                                                                    },
                                                                                                    {
                                                                                                        "nameResourceKey":  "oneMinuteOption",
                                                                                                        "value":  1,
                                                                                                        "enabled":  true
                                                                                                    },
                                                                                                    {
                                                                                                        "nameResourceKey":  "twoMinutesOption",
                                                                                                        "value":  2,
                                                                                                        "enabled":  true
                                                                                                    },
                                                                                                    {
                                                                                                        "nameResourceKey":  "fiveMinutesOption",
                                                                                                        "value":  5,
                                                                                                        "enabled":  true
                                                                                                    },
                                                                                                    {
                                                                                                        "nameResourceKey":  "tenMinutesOption",
                                                                                                        "value":  10,
                                                                                                        "enabled":  true
                                                                                                    },
                                                                                                    {
                                                                                                        "nameResourceKey":  "twentyMinutesOption",
                                                                                                        "value":  20,
                                                                                                        "enabled":  true
                                                                                                    },
                                                                                                    {
                                                                                                        "nameResourceKey":  "thirtyMinutesOption",
                                                                                                        "value":  30,
                                                                                                        "enabled":  true
                                                                                                    },
                                                                                                    {
                                                                                                        "nameResourceKey":  "oneHourOption",
                                                                                                        "value":  60,
                                                                                                        "enabled":  true
                                                                                                    }
                                                                                                ],
                                                                                    "entityKey":  "passwordMinutesOfInactivityBeforeScreenTimeout",
                                                                                    "booleanActions":  0,
                                                                                    "policyType":  61,
                                                                                    "enabled":  true
                                                                                },
                                                                                {
                                                                                    "dataType":  14,
                                                                                    "category":  90,
                                                                                    "nameResourceKey":  "passwordExpirationInDaysName",
                                                                                    "descriptionResourceKey":  "passwordExpirationInDaysDescription",
                                                                                    "emptyValueResourceKey":  "IOSMacPasswordExpirationInDaysEmptyValueKey",
                                                                                    "childSettings":  [

                                                                                                      ],
                                                                                    "options":  [

                                                                                                ],
                                                                                    "entityKey":  "passwordExpirationDays",
                                                                                    "booleanActions":  0,
                                                                                    "defaultValue":  41,
                                                                                    "policyType":  61,
                                                                                    "enabled":  true
                                                                                },
                                                                                {
                                                                                    "dataType":  14,
                                                                                    "category":  90,
                                                                                    "nameResourceKey":  "numberOfPreviousPasswordsToBlockName",
                                                                                    "descriptionResourceKey":  "numberOfPreviousPasswordsToBlockDescription",
                                                                                    "emptyValueResourceKey":  "numberOfPreviousPasswordsToBlockEmptyValueKey",
                                                                                    "childSettings":  [

                                                                                                      ],
                                                                                    "options":  [

                                                                                                ],
                                                                                    "entityKey":  "passwordPreviousPasswordBlockCount",
                                                                                    "booleanActions":  0,
                                                                                    "defaultValue":  5,
                                                                                    "policyType":  61,
                                                                                    "enabled":  true
                                                                                },
                                                                                {
                                                                                    "dataType":  14,
                                                                                    "category":  90,
                                                                                    "nameResourceKey":  "macNumberOfSignInFailuresBeforeLockName",
                                                                                    "descriptionResourceKey":  "macNumberOfSignInFailuresBeforeLockDescription",
                                                                                    "childSettings":  [
                                                                                                          {
                                                                                                              "dataType":  14,
                                                                                                              "category":  90,
                                                                                                              "nameResourceKey":  "macFailedLoginResetInMinutesName",
                                                                                                              "descriptionResourceKey":  "macFailedLoginResetInMinutesDescription",
                                                                                                              "childSettings":  [

                                                                                                                                ],
                                                                                                              "options":  [

                                                                                                                          ],
                                                                                                              "entityKey":  "passwordMinutesUntilFailedLoginReset",
                                                                                                              "booleanActions":  0,
                                                                                                              "defaultValue":  30,
                                                                                                              "policyType":  61,
                                                                                                              "enabled":  true
                                                                                                          }
                                                                                                      ],
                                                                                    "options":  [

                                                                                                ],
                                                                                    "entityKey":  "passwordMaximumAttemptCount",
                                                                                    "booleanActions":  0,
                                                                                    "defaultValue":  11,
                                                                                    "policyType":  61,
                                                                                    "enabled":  true
                                                                                }
                                                                            ],
                                                          "options":  [

                                                                      ],
                                                          "entityKey":  "passwordRequired",
                                                          "booleanActions":  9,
                                                          "defaultValue":  false,
                                                          "policyType":  61,
                                                          "enabled":  true
                                                      },
                                                      {
                                                          "dataType":  0,
                                                          "category":  90,
                                                          "nameResourceKey":  "blockPasswordModificationName",
                                                          "descriptionResourceKey":  "blockPasswordModificationDescription",
                                                          "childSettings":  [

                                                                            ],
                                                          "options":  [

                                                                      ],
                                                          "entityKey":  "passwordBlockModification",
                                                          "booleanActions":  9,
                                                          "defaultValue":  false,
                                                          "policyType":  61,
                                                          "enabled":  true
                                                      },
                                                      {
                                                          "dataType":  0,
                                                          "category":  90,
                                                          "nameResourceKey":  "blockPasswordFingerprintUnlockName",
                                                          "descriptionResourceKey":  "blockPasswordFingerprintUnlockDescription",
                                                          "childSettings":  [

                                                                            ],
                                                          "options":  [

                                                                      ],
                                                          "entityKey":  "passwordBlockFingerprintUnlock",
                                                          "booleanActions":  9,
                                                          "defaultValue":  false,
                                                          "policyType":  61,
                                                          "enabled":  true
                                                      },
                                                      {
                                                          "dataType":  14,
                                                          "category":  90,
                                                          "nameResourceKey":  "macTouchIdTimeoutInHoursName",
                                                          "descriptionResourceKey":  "macTouchIdTimeoutInHoursDescription",
                                                          "emptyValueResourceKey":  "macTouchIdTimeoutInHoursEmptyValueKey",
                                                          "childSettings":  [

                                                                            ],
                                                          "options":  [

                                                                      ],
                                                          "entityKey":  "touchIdTimeoutInHours",
                                                          "booleanActions":  0,
                                                          "defaultValue":  48,
                                                          "policyType":  61,
                                                          "enabled":  true
                                                      },
                                                      {
                                                          "dataType":  0,
                                                          "category":  90,
                                                          "nameResourceKey":  "blockPasswordAutoFillNameMacOS",
                                                          "childSettings":  [

                                                                            ],
                                                          "options":  [

                                                                      ],
                                                          "entityKey":  "passwordBlockAutoFill",
                                                          "booleanActions":  9,
                                                          "defaultValue":  false,
                                                          "policyType":  61,
                                                          "enabled":  true
                                                      },
                                                      {
                                                          "dataType":  0,
                                                          "category":  90,
                                                          "nameResourceKey":  "blockPasswordProximityRequestsNameMacOS",
                                                          "childSettings":  [

                                                                            ],
                                                          "options":  [

                                                                      ],
                                                          "entityKey":  "passwordBlockProximityRequests",
                                                          "booleanActions":  9,
                                                          "defaultValue":  false,
                                                          "policyType":  61,
                                                          "enabled":  true
                                                      },
                                                      {
                                                          "dataType":  0,
                                                          "category":  90,
                                                          "nameResourceKey":  "blockPasswordAirDropSharingNameMacOS",
                                                          "childSettings":  [

                                                                            ],
                                                          "options":  [

                                                                      ],
                                                          "entityKey":  "passwordBlockAirDropSharing",
                                                          "booleanActions":  9,
                                                          "defaultValue":  false,
                                                          "policyType":  61,
                                                          "enabled":  true
                                                      }
                                                  ],
                                "options":  [

                                            ],
                                "booleanActions":  0,
                                "policyType":  61,
                                "enabled":  true
                            }
}
