{
    "password_windows10general":  [
                                      {
                                          "dataType":  0,
                                          "category":  90,
                                          "nameResourceKey":  "requirePasswordName",
                                          "descriptionResourceKey":  "requirePasswordDescription",
                                          "childSettings":  [
                                                                {
                                                                    "dataType":  16,
                                                                    "category":  90,
                                                                    "nameResourceKey":  "requiredPasswordTypeName",
                                                                    "descriptionResourceKey":  "requiredPasswordTypeDescription",
                                                                    "childSettings":  [

                                                                                      ],
                                                                    "options":  [
                                                                                    {
                                                                                        "nameResourceKey":  "notConfigured",
                                                                                        "value":  "deviceDefault",
                                                                                        "enabled":  true
                                                                                    },
                                                                                    {
                                                                                        "nameResourceKey":  "alphanumericPasswordTypeName",
                                                                                        "value":  "alphanumeric",
                                                                                        "children":  [
                                                                                                         {
                                                                                                             "dataType":  16,
                                                                                                             "category":  90,
                                                                                                             "nameResourceKey":  "windowsPasswordRequiredTypeName",
                                                                                                             "descriptionResourceKey":  "windowsPasswordRequiredTypeDescription",
                                                                                                             "childSettings":  [

                                                                                                                               ],
                                                                                                             "options":  [
                                                                                                                             {
                                                                                                                                 "nameResourceKey":  "numsLowerLettersOption",
                                                                                                                                 "value":  2,
                                                                                                                                 "enabled":  true
                                                                                                                             },
                                                                                                                             {
                                                                                                                                 "nameResourceKey":  "numsLowerUpperLettersOption",
                                                                                                                                 "value":  3,
                                                                                                                                 "enabled":  true
                                                                                                                             },
                                                                                                                             {
                                                                                                                                 "nameResourceKey":  "numsLowerUpperLettersSpecialCharsOption",
                                                                                                                                 "value":  4,
                                                                                                                                 "enabled":  true
                                                                                                                             }
                                                                                                                         ],
                                                                                                             "entityKey":  "passwordMinimumCharacterSetCount",
                                                                                                             "booleanActions":  0,
                                                                                                             "defaultValue":  2,
                                                                                                             "policyType":  79,
                                                                                                             "enabled":  true
                                                                                                         }
                                                                                                     ],
                                                                                        "enabled":  true
                                                                                    },
                                                                                    {
                                                                                        "nameResourceKey":  "numericPasswordTypeName",
                                                                                        "value":  "numeric",
                                                                                        "enabled":  true
                                                                                    }
                                                                                ],
                                                                    "entityKey":  "passwordRequiredType",
                                                                    "booleanActions":  0,
                                                                    "defaultValue":  "deviceDefault",
                                                                    "unconfiguredValue":  "deviceDefault",
                                                                    "policyType":  79,
                                                                    "enabled":  true
                                                                },
                                                                {
                                                                    "dataType":  14,
                                                                    "category":  90,
                                                                    "nameResourceKey":  "minimumPasswordLengthName",
                                                                    "descriptionResourceKey":  "minimumPasswordLengthDescription",
                                                                    "emptyValueResourceKey":  "minimumPasswordLengthEmptyValueKeyFourToSixteen",
                                                                    "childSettings":  [

                                                                                      ],
                                                                    "options":  [

                                                                                ],
                                                                    "entityKey":  "passwordMinimumLength",
                                                                    "booleanActions":  0,
                                                                    "defaultValue":  4,
                                                                    "policyType":  79,
                                                                    "enabled":  true
                                                                },
                                                                {
                                                                    "dataType":  14,
                                                                    "category":  90,
                                                                    "nameResourceKey":  "numberOfSignInFailuresBeforeWipeName",
                                                                    "descriptionResourceKey":  "numberOfSignInFailuresBeforeWipeDescription",
                                                                    "emptyValueResourceKey":  "numberOfSignInFailuresBeforeWipeEmptyValueKey",
                                                                    "childSettings":  [

                                                                                      ],
                                                                    "options":  [

                                                                                ],
                                                                    "entityKey":  "passwordSignInFailureCountBeforeFactoryReset",
                                                                    "booleanActions":  0,
                                                                    "defaultValue":  4,
                                                                    "policyType":  79,
                                                                    "enabled":  true
                                                                },
                                                                {
                                                                    "dataType":  16,
                                                                    "category":  90,
                                                                    "nameResourceKey":  "minutesOfInactivityBeforeScreenTurnsOffName",
                                                                    "descriptionResourceKey":  "minutesOfInactivityBeforeScreenTurnsOffDescription",
                                                                    "childSettings":  [

                                                                                      ],
                                                                    "options":  [
                                                                                    {
                                                                                        "nameResourceKey":  "notConfigured",
                                                                                        "enabled":  true
                                                                                    },
                                                                                    {
                                                                                        "nameResourceKey":  "oneMinuteOption",
                                                                                        "value":  1,
                                                                                        "enabled":  true
                                                                                    },
                                                                                    {
                                                                                        "nameResourceKey":  "fiveMinutesOption",
                                                                                        "value":  5,
                                                                                        "enabled":  true
                                                                                    },
                                                                                    {
                                                                                        "nameResourceKey":  "fifteenMinutesOption",
                                                                                        "value":  15,
                                                                                        "enabled":  true
                                                                                    },
                                                                                    {
                                                                                        "nameResourceKey":  "thirtyMinutesOption",
                                                                                        "value":  30,
                                                                                        "enabled":  true
                                                                                    },
                                                                                    {
                                                                                        "nameResourceKey":  "oneHourOption",
                                                                                        "value":  60,
                                                                                        "enabled":  true
                                                                                    }
                                                                                ],
                                                                    "entityKey":  "passwordMinutesOfInactivityBeforeScreenTimeout",
                                                                    "booleanActions":  0,
                                                                    "policyType":  79,
                                                                    "enabled":  true
                                                                },
                                                                {
                                                                    "dataType":  14,
                                                                    "category":  90,
                                                                    "nameResourceKey":  "passwordExpirationInDaysName",
                                                                    "descriptionResourceKey":  "passwordExpirationInDaysDescription",
                                                                    "emptyValueResourceKey":  "passwordExpirationInDaysEmptyValueOneYearKey",
                                                                    "childSettings":  [

                                                                                      ],
                                                                    "options":  [

                                                                                ],
                                                                    "entityKey":  "passwordExpirationDays",
                                                                    "booleanActions":  0,
                                                                    "defaultValue":  41,
                                                                    "policyType":  79,
                                                                    "enabled":  true
                                                                },
                                                                {
                                                                    "dataType":  14,
                                                                    "category":  90,
                                                                    "nameResourceKey":  "numberOfPreviousPasswordsToBlockName",
                                                                    "descriptionResourceKey":  "numberOfPreviousPasswordsToBlockDescription",
                                                                    "emptyValueResourceKey":  "numberOfPreviousPasswordsToBlockEmptyValueKey",
                                                                    "childSettings":  [

                                                                                      ],
                                                                    "options":  [

                                                                                ],
                                                                    "entityKey":  "passwordPreviousPasswordBlockCount",
                                                                    "booleanActions":  0,
                                                                    "policyType":  79,
                                                                    "enabled":  true
                                                                },
                                                                {
                                                                    "dataType":  0,
                                                                    "category":  90,
                                                                    "nameResourceKey":  "requirePasswordFromIdleName",
                                                                    "descriptionResourceKey":  "requirePasswordFromIdleDescription",
                                                                    "childSettings":  [

                                                                                      ],
                                                                    "options":  [

                                                                                ],
                                                                    "entityKey":  "passwordRequireWhenResumeFromIdleState",
                                                                    "booleanActions":  1,
                                                                    "defaultValue":  false,
                                                                    "policyType":  79,
                                                                    "enabled":  true
                                                                },
                                                                {
                                                                    "dataType":  0,
                                                                    "category":  90,
                                                                    "nameResourceKey":  "passwordBlockSimpleName",
                                                                    "descriptionResourceKey":  "passwordBlockSimpleDescription",
                                                                    "childSettings":  [

                                                                                      ],
                                                                    "options":  [

                                                                                ],
                                                                    "entityKey":  "passwordBlockSimple",
                                                                    "booleanActions":  3,
                                                                    "defaultValue":  false,
                                                                    "policyType":  79,
                                                                    "enabled":  true
                                                                }
                                                            ],
                                          "options":  [

                                                      ],
                                          "entityKey":  "passwordRequired",
                                          "booleanActions":  1,
                                          "defaultValue":  false,
                                          "policyType":  79,
                                          "enabled":  true
                                      },
                                      {
                                          "dataType":  0,
                                          "category":  90,
                                          "nameResourceKey":  "SecurityBlockAzureADJoinedDevicesAutoEncryptionName",
                                          "descriptionResourceKey":  "SecurityBlockAzureADJoinedDevicesAutoEncryptionDescription",
                                          "childSettings":  [

                                                            ],
                                          "options":  [

                                                      ],
                                          "entityKey":  "securityBlockAzureADJoinedDevicesAutoEncryption",
                                          "booleanActions":  3,
                                          "defaultValue":  false,
                                          "policyType":  79,
                                          "enabled":  true
                                      },
                                      {
                                          "dataType":  0,
                                          "category":  90,
                                          "nameResourceKey":  "CryptographyAllowFipsAlgorithmPolicyName",
                                          "descriptionResourceKey":  "CryptographyAllowFipsAlgorithmPolicyDescription",
                                          "childSettings":  [

                                                            ],
                                          "options":  [

                                                      ],
                                          "entityKey":  "cryptographyAllowFipsAlgorithmPolicy",
                                          "booleanActions":  0,
                                          "defaultValue":  false,
                                          "policyType":  79,
                                          "enabled":  true
                                      },
                                      {
                                          "dataType":  0,
                                          "category":  90,
                                          "nameResourceKey":  "AuthenticationAllowSecondaryDeviceName",
                                          "descriptionResourceKey":  "AuthenticationAllowSecondaryDeviceDescription",
                                          "childSettings":  [

                                                            ],
                                          "options":  [

                                                      ],
                                          "entityKey":  "authenticationAllowSecondaryDevice",
                                          "booleanActions":  0,
                                          "defaultValue":  false,
                                          "policyType":  79,
                                          "enabled":  true
                                      },
                                      {
                                          "dataType":  20,
                                          "category":  90,
                                          "nameResourceKey":  "AuthenticationPreferredAzureADTenantDomainNameName",
                                          "descriptionResourceKey":  "AuthenticationPreferredAzureADTenantDomainNameDescription",
                                          "emptyValueResourceKey":  "AuthenticationPreferredAzureADTenantDomainNameEmpty",
                                          "childSettings":  [

                                                            ],
                                          "options":  [

                                                      ],
                                          "entityKey":  "authenticationPreferredAzureADTenantDomainName",
                                          "booleanActions":  0,
                                          "policyType":  79,
                                          "enabled":  true
                                      }
                                  ]
}
