{
    "personalprofile_androiddeviceownergeneral":  {
                                                      "isSettingDescription":  false,
                                                      "showAsSectionHeader":  true,
                                                      "dataType":  8,
                                                      "category":  92,
                                                      "nameResourceKey":  "workProfileAndroidEnrollmentTypesHeaderName",
                                                      "descriptionResourceKey":  "workProfilePersonalUsagAndroidEnrollmentTypesHeaderDescription",
                                                      "childSettings":  [
                                                                            {
                                                                                "dataType":  0,
                                                                                "category":  92,
                                                                                "nameResourceKey":  "personalProfileCameraBlockedName",
                                                                                "descriptionResourceKey":  "personalProfileCameraBlockedDescription",
                                                                                "childSettings":  [

                                                                                                  ],
                                                                                "options":  [

                                                                                            ],
                                                                                "entityKey":  "personalProfileCameraBlocked",
                                                                                "booleanActions":  3,
                                                                                "defaultValue":  false,
                                                                                "policyType":  2,
                                                                                "enabled":  true
                                                                            },
                                                                            {
                                                                                "dataType":  0,
                                                                                "category":  92,
                                                                                "nameResourceKey":  "personalProfileScreenCaptureBlockedName",
                                                                                "descriptionResourceKey":  "personalProfileScreenCaptureBlockedDescription",
                                                                                "childSettings":  [

                                                                                                  ],
                                                                                "options":  [

                                                                                            ],
                                                                                "entityKey":  "personalProfileScreenCaptureBlocked",
                                                                                "booleanActions":  3,
                                                                                "defaultValue":  false,
                                                                                "policyType":  2,
                                                                                "enabled":  true
                                                                            },
                                                                            {
                                                                                "dataType":  0,
                                                                                "category":  92,
                                                                                "nameResourceKey":  "personalProfileAppsAllowInstallFromUnknownSourcesName",
                                                                                "descriptionResourceKey":  "personalProfileAppsAllowInstallFromUnknownSourcesDescription",
                                                                                "childSettings":  [

                                                                                                  ],
                                                                                "options":  [

                                                                                            ],
                                                                                "entityKey":  "personalProfileAppsAllowInstallFromUnknownSources",
                                                                                "booleanActions":  0,
                                                                                "defaultValue":  false,
                                                                                "policyType":  2,
                                                                                "enabled":  true
                                                                            },
                                                                            {
                                                                                "dataType":  16,
                                                                                "category":  92,
                                                                                "nameResourceKey":  "personalProfilePersonalApplicationsListTypeName",
                                                                                "descriptionResourceKey":  "personalProfilePersonalApplicationsListTypeDescription",
                                                                                "childSettings":  [

                                                                                                  ],
                                                                                "options":  [
                                                                                                {
                                                                                                    "nameResourceKey":  "notConfigured",
                                                                                                    "value":  "notConfigured",
                                                                                                    "enabled":  true
                                                                                                },
                                                                                                {
                                                                                                    "nameResourceKey":  "blockedList",
                                                                                                    "value":  "blockedApps",
                                                                                                    "children":  [
                                                                                                                     {
                                                                                                                         "dataType":  25,
                                                                                                                         "category":  92,
                                                                                                                         "childSettings":  [

                                                                                                                                           ],
                                                                                                                         "options":  [

                                                                                                                                     ],
                                                                                                                         "booleanActions":  0,
                                                                                                                         "policyType":  2,
                                                                                                                         "enabled":  true
                                                                                                                     }
                                                                                                                 ],
                                                                                                    "enabled":  true
                                                                                                },
                                                                                                {
                                                                                                    "nameResourceKey":  "allowedList",
                                                                                                    "value":  "allowedApps",
                                                                                                    "children":  [
                                                                                                                     {
                                                                                                                         "dataType":  25,
                                                                                                                         "category":  92,
                                                                                                                         "childSettings":  [

                                                                                                                                           ],
                                                                                                                         "options":  [

                                                                                                                                     ],
                                                                                                                         "booleanActions":  0,
                                                                                                                         "policyType":  2,
                                                                                                                         "enabled":  true
                                                                                                                     }
                                                                                                                 ],
                                                                                                    "enabled":  true
                                                                                                }
                                                                                            ],
                                                                                "entityKey":  "personalProfilePlayStoreMode",
                                                                                "booleanActions":  0,
                                                                                "defaultValue":  "notConfigured",
                                                                                "policyType":  2,
                                                                                "enabled":  true
                                                                            }
                                                                        ],
                                                      "options":  [

                                                                  ],
                                                      "booleanActions":  0,
                                                      "policyType":  2,
                                                      "enabled":  false
                                                  }
}
