{
    "pkcs_macospkcs":  [
                           {
                               "dataType":  14,
                               "category":  93,
                               "nameResourceKey":  "sCEPPolicyRenewalThresholdName",
                               "descriptionResourceKey":  "sCEPPolicyRenewalThresholdDescription",
                               "childSettings":  [

                                                 ],
                               "options":  [

                                           ],
                               "entityKey":  "renewalThresholdPercentage",
                               "booleanActions":  0,
                               "policyType":  64,
                               "enabled":  true
                           },
                           {
                               "scaleOptions":  [
                                                    {
                                                        "nameResourceKey":  "days",
                                                        "value":  "days",
                                                        "enabled":  true
                                                    },
                                                    {
                                                        "nameResourceKey":  "months",
                                                        "value":  "months",
                                                        "enabled":  true
                                                    },
                                                    {
                                                        "nameResourceKey":  "years",
                                                        "value":  "years",
                                                        "enabled":  true
                                                    }
                                                ],
                               "scaleEntityKey":  "certificateValidityPeriodScale",
                               "defaultScale":  "years",
                               "dataType":  22,
                               "category":  93,
                               "nameResourceKey":  "sCEPPolicyCertificateValidityPeriodName",
                               "descriptionResourceKey":  "sCEPPolicyCertificateValidityPeriodDescription",
                               "childSettings":  [

                                                 ],
                               "options":  [

                                           ],
                               "entityKey":  "certificateValidityPeriodValue",
                               "booleanActions":  0,
                               "policyType":  64,
                               "enabled":  true
                           },
                           {
                               "dataType":  20,
                               "category":  93,
                               "nameResourceKey":  "pKCSPolicyCertificationAuthorityName",
                               "descriptionResourceKey":  "pKCSPolicyCertificationAuthorityNameDescription",
                               "childSettings":  [

                                                 ],
                               "options":  [

                                           ],
                               "entityKey":  "certificationAuthority",
                               "booleanActions":  0,
                               "defaultValue":  "",
                               "policyType":  64,
                               "enabled":  true
                           },
                           {
                               "dataType":  20,
                               "category":  93,
                               "nameResourceKey":  "pKCSPolicyCertificationAuthorityNameName",
                               "descriptionResourceKey":  "pKCSPolicyCertificationAuthorityNameNameDescription",
                               "childSettings":  [

                                                 ],
                               "options":  [

                                           ],
                               "entityKey":  "certificationAuthorityName",
                               "booleanActions":  0,
                               "defaultValue":  "",
                               "policyType":  64,
                               "enabled":  true
                           },
                           {
                               "dataType":  20,
                               "category":  93,
                               "nameResourceKey":  "pKCSPolicyCertificateTemplateNameName",
                               "descriptionResourceKey":  "empty",
                               "childSettings":  [

                                                 ],
                               "options":  [

                                           ],
                               "entityKey":  "certificateTemplateName",
                               "booleanActions":  0,
                               "defaultValue":  "",
                               "policyType":  64,
                               "enabled":  true
                           },
                           {
                               "dataType":  16,
                               "category":  93,
                               "nameResourceKey":  "SCEPPolicyWindowsCertificateStoreName",
                               "descriptionResourceKey":  "empty",
                               "childSettings":  [

                                                 ],
                               "options":  [
                                               {
                                                   "nameResourceKey":  "SCEPPolicyWindowsCertificateStoreUser",
                                                   "value":  "user",
                                                   "children":  [
                                                                    {
                                                                        "value":  "custom",
                                                                        "dataType":  9,
                                                                        "category":  93,
                                                                        "childSettings":  [

                                                                                          ],
                                                                        "options":  [

                                                                                    ],
                                                                        "entityKey":  "subjectNameFormat",
                                                                        "booleanActions":  0,
                                                                        "policyType":  64,
                                                                        "enabled":  true
                                                                    },
                                                                    {
                                                                        "dataType":  20,
                                                                        "category":  93,
                                                                        "nameResourceKey":  "SCEPPolicySubjectNameFormatName",
                                                                        "descriptionResourceKey":  "sCEPPolicyCustomSubjectNameWithAadFormatDescription",
                                                                        "childSettings":  [

                                                                                          ],
                                                                        "options":  [

                                                                                    ],
                                                                        "entityKey":  "subjectNameFormatString",
                                                                        "booleanActions":  0,
                                                                        "defaultValue":  "CN={{UserName}},E={{EmailAddress}}",
                                                                        "policyType":  64,
                                                                        "enabled":  true
                                                                    },
                                                                    {
                                                                        "columns":  [
                                                                                        {
                                                                                            "metadata":  {
                                                                                                             "dataType":  16,
                                                                                                             "category":  93,
                                                                                                             "nameResourceKey":  "attribute",
                                                                                                             "descriptionResourceKey":  "empty",
                                                                                                             "childSettings":  [

                                                                                                                               ],
                                                                                                             "options":  [
                                                                                                                             {
                                                                                                                                 "nameResourceKey":  "PolicyEmailAddress",
                                                                                                                                 "value":  "emailAddress",
                                                                                                                                 "enabled":  true
                                                                                                                             },
                                                                                                                             {
                                                                                                                                 "nameResourceKey":  "PolicyUserPrincipalName",
                                                                                                                                 "value":  "userPrincipalName",
                                                                                                                                 "enabled":  true
                                                                                                                             },
                                                                                                                             {
                                                                                                                                 "nameResourceKey":  "PolicyDomainNameService",
                                                                                                                                 "value":  "domainNameService",
                                                                                                                                 "enabled":  true
                                                                                                                             },
                                                                                                                             {
                                                                                                                                 "nameResourceKey":  "PolicyUniversalResourceIdentifier",
                                                                                                                                 "value":  "universalResourceIdentifier",
                                                                                                                                 "enabled":  true
                                                                                                                             },
                                                                                                                             {
                                                                                                                                 "nameResourceKey":  "SCEPPolicyCustomAADAttribute",
                                                                                                                                 "value":  "customAzureADAttribute",
                                                                                                                                 "enabled":  true
                                                                                                                             }
                                                                                                                         ],
                                                                                                             "entityKey":  "sanType",
                                                                                                             "booleanActions":  0,
                                                                                                             "policyType":  64,
                                                                                                             "enabled":  true
                                                                                                         }
                                                                                        },
                                                                                        {
                                                                                            "metadata":  {
                                                                                                             "dataType":  20,
                                                                                                             "category":  93,
                                                                                                             "nameResourceKey":  "value",
                                                                                                             "descriptionResourceKey":  "empty",
                                                                                                             "childSettings":  [

                                                                                                                               ],
                                                                                                             "options":  [

                                                                                                                         ],
                                                                                                             "entityKey":  "name",
                                                                                                             "booleanActions":  0,
                                                                                                             "policyType":  64,
                                                                                                             "enabled":  true
                                                                                                         }
                                                                                        }
                                                                                    ],
                                                                        "dataType":  21,
                                                                        "category":  93,
                                                                        "nameResourceKey":  "PolicySubjectAlternativeName",
                                                                        "descriptionResourceKey":  "PolicySubjectAlternativeNameDescription",
                                                                        "childSettings":  [

                                                                                          ],
                                                                        "options":  [

                                                                                    ],
                                                                        "entityKey":  "customSubjectAlternativeNames",
                                                                        "booleanActions":  0,
                                                                        "policyType":  64,
                                                                        "enabled":  true
                                                                    }
                                                                ],
                                                   "enabled":  true
                                               },
                                               {
                                                   "nameResourceKey":  "SCEPPolicyWindowsCertificateStoreMachine",
                                                   "value":  "machine",
                                                   "children":  [
                                                                    {
                                                                        "value":  "custom",
                                                                        "dataType":  9,
                                                                        "category":  93,
                                                                        "childSettings":  [

                                                                                          ],
                                                                        "options":  [

                                                                                    ],
                                                                        "entityKey":  "subjectNameFormat",
                                                                        "booleanActions":  0,
                                                                        "policyType":  64,
                                                                        "enabled":  true
                                                                    },
                                                                    {
                                                                        "dataType":  20,
                                                                        "category":  93,
                                                                        "nameResourceKey":  "sCEPPolicySubjectNameFormatName",
                                                                        "descriptionResourceKey":  "sCEPPolicySubjectNameFormatDescription",
                                                                        "childSettings":  [

                                                                                          ],
                                                                        "options":  [

                                                                                    ],
                                                                        "entityKey":  "subjectNameFormatString",
                                                                        "booleanActions":  0,
                                                                        "defaultValue":  "CN={{AAD_Device_ID}}",
                                                                        "policyType":  64,
                                                                        "enabled":  true
                                                                    },
                                                                    {
                                                                        "columns":  [
                                                                                        {
                                                                                            "metadata":  {
                                                                                                             "dataType":  16,
                                                                                                             "category":  93,
                                                                                                             "nameResourceKey":  "attribute",
                                                                                                             "descriptionResourceKey":  "empty",
                                                                                                             "childSettings":  [

                                                                                                                               ],
                                                                                                             "options":  [
                                                                                                                             {
                                                                                                                                 "nameResourceKey":  "PolicyEmailAddress",
                                                                                                                                 "value":  "emailAddress",
                                                                                                                                 "enabled":  true
                                                                                                                             },
                                                                                                                             {
                                                                                                                                 "nameResourceKey":  "PolicyUserPrincipalName",
                                                                                                                                 "value":  "userPrincipalName",
                                                                                                                                 "enabled":  true
                                                                                                                             },
                                                                                                                             {
                                                                                                                                 "nameResourceKey":  "PolicyDomainNameService",
                                                                                                                                 "value":  "domainNameService",
                                                                                                                                 "enabled":  true
                                                                                                                             },
                                                                                                                             {
                                                                                                                                 "nameResourceKey":  "PolicyUniversalResourceIdentifier",
                                                                                                                                 "value":  "universalResourceIdentifier",
                                                                                                                                 "enabled":  true
                                                                                                                             },
                                                                                                                             {
                                                                                                                                 "nameResourceKey":  "SCEPPolicyCustomAADAttribute",
                                                                                                                                 "value":  "customAzureADAttribute",
                                                                                                                                 "enabled":  true
                                                                                                                             }
                                                                                                                         ],
                                                                                                             "entityKey":  "sanType",
                                                                                                             "booleanActions":  0,
                                                                                                             "policyType":  64,
                                                                                                             "enabled":  true
                                                                                                         }
                                                                                        },
                                                                                        {
                                                                                            "metadata":  {
                                                                                                             "dataType":  20,
                                                                                                             "category":  93,
                                                                                                             "nameResourceKey":  "value",
                                                                                                             "descriptionResourceKey":  "empty",
                                                                                                             "childSettings":  [

                                                                                                                               ],
                                                                                                             "options":  [

                                                                                                                         ],
                                                                                                             "entityKey":  "name",
                                                                                                             "booleanActions":  0,
                                                                                                             "policyType":  64,
                                                                                                             "enabled":  true
                                                                                                         }
                                                                                        }
                                                                                    ],
                                                                        "dataType":  21,
                                                                        "category":  93,
                                                                        "nameResourceKey":  "PolicySubjectAlternativeName",
                                                                        "descriptionResourceKey":  "PolicySubjectAlternativeNameDescription",
                                                                        "childSettings":  [

                                                                                          ],
                                                                        "options":  [

                                                                                    ],
                                                                        "entityKey":  "customSubjectAlternativeNames",
                                                                        "booleanActions":  0,
                                                                        "policyType":  64,
                                                                        "enabled":  true
                                                                    }
                                                                ],
                                                   "enabled":  true
                                               }
                                           ],
                               "entityKey":  "certificateStore",
                               "booleanActions":  0,
                               "defaultValue":  "user",
                               "policyType":  64,
                               "enabled":  true
                           },
                           {
                               "dataType":  0,
                               "category":  93,
                               "nameResourceKey":  "MacOSAllowAllAppsAccess",
                               "descriptionResourceKey":  "MacOSAllowAllAppsAccess",
                               "emptyValueResourceKey":  "macOSAllowAllAppsAccessEmptyValueKey",
                               "childSettings":  [

                                                 ],
                               "options":  [

                                           ],
                               "entityKey":  "allowAllAppsAccess",
                               "booleanActions":  2,
                               "policyType":  64,
                               "enabled":  true
                           }
                       ]
}
