{
    "ports_windows10devicefirmwareconfigurationinterface":  [
                                                                {
                                                                    "dataType":  10,
                                                                    "category":  95,
                                                                    "nameResourceKey":  "dfciGranularSettingsWarningInfoBox",
                                                                    "childSettings":  [

                                                                                      ],
                                                                    "options":  [

                                                                                ],
                                                                    "booleanActions":  0,
                                                                    "policyType":  108,
                                                                    "enabled":  true
                                                                },
                                                                {
                                                                    "dataType":  16,
                                                                    "category":  95,
                                                                    "nameResourceKey":  "usbTypeAPortName",
                                                                    "descriptionResourceKey":  "usbTypeAPortDescription",
                                                                    "childSettings":  [

                                                                                      ],
                                                                    "options":  [
                                                                                    {
                                                                                        "nameResourceKey":  "notConfigured",
                                                                                        "value":  "notConfigured",
                                                                                        "enabled":  true
                                                                                    },
                                                                                    {
                                                                                        "nameResourceKey":  "enabledOption",
                                                                                        "value":  "enabled",
                                                                                        "enabled":  true
                                                                                    },
                                                                                    {
                                                                                        "nameResourceKey":  "disabledOption",
                                                                                        "value":  "disabled",
                                                                                        "enabled":  true
                                                                                    }
                                                                                ],
                                                                    "entityKey":  "usbTypeAPort",
                                                                    "booleanActions":  0,
                                                                    "defaultValue":  "notConfigured",
                                                                    "unconfiguredValue":  "notConfigured",
                                                                    "policyType":  108,
                                                                    "enabled":  false
                                                                },
                                                                {
                                                                    "dataType":  16,
                                                                    "category":  95,
                                                                    "nameResourceKey":  "usbTypeCPortName",
                                                                    "descriptionResourceKey":  "usbTypeCPortDescription",
                                                                    "childSettings":  [

                                                                                      ],
                                                                    "options":  [
                                                                                    {
                                                                                        "nameResourceKey":  "notConfigured",
                                                                                        "value":  "notConfigured",
                                                                                        "enabled":  true
                                                                                    },
                                                                                    {
                                                                                        "nameResourceKey":  "enabledOption",
                                                                                        "value":  "enabled",
                                                                                        "enabled":  true
                                                                                    },
                                                                                    {
                                                                                        "nameResourceKey":  "disabledOption",
                                                                                        "value":  "disabled",
                                                                                        "enabled":  true
                                                                                    }
                                                                                ],
                                                                    "entityKey":  "usbTypeCPort",
                                                                    "booleanActions":  0,
                                                                    "defaultValue":  "notConfigured",
                                                                    "unconfiguredValue":  "notConfigured",
                                                                    "policyType":  108,
                                                                    "enabled":  false
                                                                },
                                                                {
                                                                    "dataType":  16,
                                                                    "category":  95,
                                                                    "nameResourceKey":  "sdCardName",
                                                                    "descriptionResourceKey":  "sdCardDescription",
                                                                    "childSettings":  [

                                                                                      ],
                                                                    "options":  [
                                                                                    {
                                                                                        "nameResourceKey":  "notConfigured",
                                                                                        "value":  "notConfigured",
                                                                                        "enabled":  true
                                                                                    },
                                                                                    {
                                                                                        "nameResourceKey":  "enabledOption",
                                                                                        "value":  "enabled",
                                                                                        "enabled":  true
                                                                                    },
                                                                                    {
                                                                                        "nameResourceKey":  "disabledOption",
                                                                                        "value":  "disabled",
                                                                                        "enabled":  true
                                                                                    }
                                                                                ],
                                                                    "entityKey":  "sdCard",
                                                                    "booleanActions":  0,
                                                                    "defaultValue":  "notConfigured",
                                                                    "unconfiguredValue":  "notConfigured",
                                                                    "policyType":  108,
                                                                    "enabled":  false
                                                                }
                                                            ]
}
