{
    "powersettings_windows10general":  [
                                           {
                                               "isSettingDescription":  false,
                                               "showAsSectionHeader":  false,
                                               "dataType":  8,
                                               "category":  96,
                                               "nameResourceKey":  "batteryHeader",
                                               "childSettings":  [

                                                                 ],
                                               "options":  [

                                                           ],
                                               "booleanActions":  0,
                                               "policyType":  79,
                                               "enabled":  true
                                           },
                                           {
                                               "dataType":  14,
                                               "category":  96,
                                               "nameResourceKey":  "batteryLevelTurnOnEnergySaverName",
                                               "descriptionResourceKey":  "batteryLevelTurnOnEnergySaverBatteryDescription",
                                               "emptyValueResourceKey":  "batteryLevelEmptyValue",
                                               "childSettings":  [

                                                                 ],
                                               "options":  [

                                                           ],
                                               "entityKey":  "energySaverOnBatteryThresholdPercentage",
                                               "booleanActions":  0,
                                               "defaultValue":  70,
                                               "policyType":  79,
                                               "enabled":  true
                                           },
                                           {
                                               "dataType":  16,
                                               "category":  96,
                                               "nameResourceKey":  "lidClosePowerActionName",
                                               "descriptionResourceKey":  "lidClosePowerActionBatteryDescription",
                                               "childSettings":  [

                                                                 ],
                                               "options":  [
                                                               {
                                                                   "nameResourceKey":  "notConfigured",
                                                                   "value":  "notConfigured",
                                                                   "enabled":  true
                                                               },
                                                               {
                                                                   "nameResourceKey":  "noAction",
                                                                   "value":  "noAction",
                                                                   "enabled":  true
                                                               },
                                                               {
                                                                   "nameResourceKey":  "sleep",
                                                                   "value":  "sleep",
                                                                   "enabled":  true
                                                               },
                                                               {
                                                                   "nameResourceKey":  "hibernate",
                                                                   "value":  "hibernate",
                                                                   "enabled":  true
                                                               },
                                                               {
                                                                   "nameResourceKey":  "shutdown",
                                                                   "value":  "shutdown",
                                                                   "enabled":  true
                                                               }
                                                           ],
                                               "entityKey":  "powerLidCloseActionOnBattery",
                                               "booleanActions":  0,
                                               "defaultValue":  "notConfigured",
                                               "policyType":  79,
                                               "enabled":  true
                                           },
                                           {
                                               "dataType":  16,
                                               "category":  96,
                                               "nameResourceKey":  "powerButtonActionName",
                                               "descriptionResourceKey":  "powerButtonActionBatteryDescription",
                                               "childSettings":  [

                                                                 ],
                                               "options":  [
                                                               {
                                                                   "nameResourceKey":  "notConfigured",
                                                                   "value":  "notConfigured",
                                                                   "enabled":  true
                                                               },
                                                               {
                                                                   "nameResourceKey":  "noAction",
                                                                   "value":  "noAction",
                                                                   "enabled":  true
                                                               },
                                                               {
                                                                   "nameResourceKey":  "sleep",
                                                                   "value":  "sleep",
                                                                   "enabled":  true
                                                               },
                                                               {
                                                                   "nameResourceKey":  "hibernate",
                                                                   "value":  "hibernate",
                                                                   "enabled":  true
                                                               },
                                                               {
                                                                   "nameResourceKey":  "shutdown",
                                                                   "value":  "shutdown",
                                                                   "enabled":  true
                                                               }
                                                           ],
                                               "entityKey":  "powerButtonActionOnBattery",
                                               "booleanActions":  0,
                                               "defaultValue":  "notConfigured",
                                               "policyType":  79,
                                               "enabled":  true
                                           },
                                           {
                                               "dataType":  16,
                                               "category":  96,
                                               "nameResourceKey":  "powerSleepButtonActionName",
                                               "descriptionResourceKey":  "powerSleepButtonActionBatteryDescription",
                                               "childSettings":  [

                                                                 ],
                                               "options":  [
                                                               {
                                                                   "nameResourceKey":  "notConfigured",
                                                                   "value":  "notConfigured",
                                                                   "enabled":  true
                                                               },
                                                               {
                                                                   "nameResourceKey":  "noAction",
                                                                   "value":  "noAction",
                                                                   "enabled":  true
                                                               },
                                                               {
                                                                   "nameResourceKey":  "sleep",
                                                                   "value":  "sleep",
                                                                   "enabled":  true
                                                               },
                                                               {
                                                                   "nameResourceKey":  "hibernate",
                                                                   "value":  "hibernate",
                                                                   "enabled":  true
                                                               },
                                                               {
                                                                   "nameResourceKey":  "shutdown",
                                                                   "value":  "shutdown",
                                                                   "enabled":  true
                                                               }
                                                           ],
                                               "entityKey":  "powerSleepButtonActionOnBattery",
                                               "booleanActions":  0,
                                               "defaultValue":  "notConfigured",
                                               "policyType":  79,
                                               "enabled":  true
                                           },
                                           {
                                               "dataType":  16,
                                               "category":  96,
                                               "nameResourceKey":  "hybridSleepName",
                                               "descriptionResourceKey":  "hybridSleepBatteryDescription",
                                               "childSettings":  [

                                                                 ],
                                               "options":  [
                                                               {
                                                                   "nameResourceKey":  "notConfigured",
                                                                   "value":  "notConfigured",
                                                                   "enabled":  true
                                                               },
                                                               {
                                                                   "nameResourceKey":  "enableOption",
                                                                   "value":  "enabled",
                                                                   "enabled":  true
                                                               },
                                                               {
                                                                   "nameResourceKey":  "disableOption",
                                                                   "value":  "disabled",
                                                                   "enabled":  true
                                                               }
                                                           ],
                                               "entityKey":  "powerHybridSleepOnBattery",
                                               "booleanActions":  0,
                                               "defaultValue":  "notConfigured",
                                               "policyType":  79,
                                               "enabled":  true
                                           },
                                           {
                                               "isSettingDescription":  false,
                                               "showAsSectionHeader":  false,
                                               "dataType":  8,
                                               "category":  96,
                                               "nameResourceKey":  "pluggedInHeader",
                                               "childSettings":  [

                                                                 ],
                                               "options":  [

                                                           ],
                                               "booleanActions":  0,
                                               "policyType":  79,
                                               "enabled":  true
                                           },
                                           {
                                               "dataType":  14,
                                               "category":  96,
                                               "nameResourceKey":  "batteryLevelTurnOnEnergySaverName",
                                               "descriptionResourceKey":  "batteryLevelTurnOnEnergySaverPluggedInDescription",
                                               "emptyValueResourceKey":  "batteryLevelEmptyValue",
                                               "childSettings":  [

                                                                 ],
                                               "options":  [

                                                           ],
                                               "entityKey":  "energySaverPluggedInThresholdPercentage",
                                               "booleanActions":  0,
                                               "defaultValue":  70,
                                               "policyType":  79,
                                               "enabled":  true
                                           },
                                           {
                                               "dataType":  16,
                                               "category":  96,
                                               "nameResourceKey":  "lidClosePowerActionName",
                                               "descriptionResourceKey":  "lidClosePowerActionPluggedInDescription",
                                               "childSettings":  [

                                                                 ],
                                               "options":  [
                                                               {
                                                                   "nameResourceKey":  "notConfigured",
                                                                   "value":  "notConfigured",
                                                                   "enabled":  true
                                                               },
                                                               {
                                                                   "nameResourceKey":  "noAction",
                                                                   "value":  "noAction",
                                                                   "enabled":  true
                                                               },
                                                               {
                                                                   "nameResourceKey":  "sleep",
                                                                   "value":  "sleep",
                                                                   "enabled":  true
                                                               },
                                                               {
                                                                   "nameResourceKey":  "hibernate",
                                                                   "value":  "hibernate",
                                                                   "enabled":  true
                                                               },
                                                               {
                                                                   "nameResourceKey":  "shutdown",
                                                                   "value":  "shutdown",
                                                                   "enabled":  true
                                                               }
                                                           ],
                                               "entityKey":  "powerLidCloseActionPluggedIn",
                                               "booleanActions":  0,
                                               "defaultValue":  "notConfigured",
                                               "policyType":  79,
                                               "enabled":  true
                                           },
                                           {
                                               "dataType":  16,
                                               "category":  96,
                                               "nameResourceKey":  "powerButtonActionName",
                                               "descriptionResourceKey":  "powerButtonActionPluggedInDescription",
                                               "childSettings":  [

                                                                 ],
                                               "options":  [
                                                               {
                                                                   "nameResourceKey":  "notConfigured",
                                                                   "value":  "notConfigured",
                                                                   "enabled":  true
                                                               },
                                                               {
                                                                   "nameResourceKey":  "noAction",
                                                                   "value":  "noAction",
                                                                   "enabled":  true
                                                               },
                                                               {
                                                                   "nameResourceKey":  "sleep",
                                                                   "value":  "sleep",
                                                                   "enabled":  true
                                                               },
                                                               {
                                                                   "nameResourceKey":  "hibernate",
                                                                   "value":  "hibernate",
                                                                   "enabled":  true
                                                               },
                                                               {
                                                                   "nameResourceKey":  "shutdown",
                                                                   "value":  "shutdown",
                                                                   "enabled":  true
                                                               }
                                                           ],
                                               "entityKey":  "powerButtonActionPluggedIn",
                                               "booleanActions":  0,
                                               "defaultValue":  "notConfigured",
                                               "policyType":  79,
                                               "enabled":  true
                                           },
                                           {
                                               "dataType":  16,
                                               "category":  96,
                                               "nameResourceKey":  "powerSleepButtonActionName",
                                               "descriptionResourceKey":  "powerSleepButtonActionPluggedInDescription",
                                               "childSettings":  [

                                                                 ],
                                               "options":  [
                                                               {
                                                                   "nameResourceKey":  "notConfigured",
                                                                   "value":  "notConfigured",
                                                                   "enabled":  true
                                                               },
                                                               {
                                                                   "nameResourceKey":  "noAction",
                                                                   "value":  "noAction",
                                                                   "enabled":  true
                                                               },
                                                               {
                                                                   "nameResourceKey":  "sleep",
                                                                   "value":  "sleep",
                                                                   "enabled":  true
                                                               },
                                                               {
                                                                   "nameResourceKey":  "hibernate",
                                                                   "value":  "hibernate",
                                                                   "enabled":  true
                                                               },
                                                               {
                                                                   "nameResourceKey":  "shutdown",
                                                                   "value":  "shutdown",
                                                                   "enabled":  true
                                                               }
                                                           ],
                                               "entityKey":  "powerSleepButtonActionPluggedIn",
                                               "booleanActions":  0,
                                               "defaultValue":  "notConfigured",
                                               "policyType":  79,
                                               "enabled":  true
                                           },
                                           {
                                               "dataType":  16,
                                               "category":  96,
                                               "nameResourceKey":  "hybridSleepName",
                                               "descriptionResourceKey":  "hybridSleepPluggedInDescription",
                                               "childSettings":  [

                                                                 ],
                                               "options":  [
                                                               {
                                                                   "nameResourceKey":  "notConfigured",
                                                                   "value":  "notConfigured",
                                                                   "enabled":  true
                                                               },
                                                               {
                                                                   "nameResourceKey":  "enableOption",
                                                                   "value":  "enabled",
                                                                   "enabled":  true
                                                               },
                                                               {
                                                                   "nameResourceKey":  "disableOption",
                                                                   "value":  "disabled",
                                                                   "enabled":  true
                                                               }
                                                           ],
                                               "entityKey":  "powerHybridSleepPluggedIn",
                                               "booleanActions":  0,
                                               "defaultValue":  "notConfigured",
                                               "policyType":  79,
                                               "enabled":  true
                                           }
                                       ]
}
