{
    "privacy_windows10general":  [
                                     {
                                         "dataType":  19,
                                         "category":  98,
                                         "nameResourceKey":  "privacyDisableLaunchExperienceName",
                                         "descriptionResourceKey":  "privacyDisableLaunchExperienceDescription",
                                         "childSettings":  [

                                                           ],
                                         "options":  [
                                                         {
                                                             "nameResourceKey":  "blockOption",
                                                             "value":  true,
                                                             "enabled":  true
                                                         },
                                                         {
                                                             "nameResourceKey":  "notConfigured",
                                                             "value":  false,
                                                             "enabled":  true
                                                         }
                                                     ],
                                         "entityKey":  "privacyDisableLaunchExperience",
                                         "booleanActions":  0,
                                         "defaultValue":  false,
                                         "unconfiguredValue":  false,
                                         "policyType":  79,
                                         "enabled":  true
                                     },
                                     {
                                         "dataType":  0,
                                         "category":  98,
                                         "nameResourceKey":  "privacyBlockInputPersonalizationName",
                                         "descriptionResourceKey":  "privacyBlockInputPersonalizationDescription",
                                         "childSettings":  [

                                                           ],
                                         "options":  [

                                                     ],
                                         "entityKey":  "privacyBlockInputPersonalization",
                                         "booleanActions":  3,
                                         "defaultValue":  false,
                                         "policyType":  79,
                                         "enabled":  true
                                     },
                                     {
                                         "dataType":  0,
                                         "category":  98,
                                         "nameResourceKey":  "privacyAutoAcceptPairingAndConsentPromptsName",
                                         "descriptionResourceKey":  "privacyAutoAcceptPairingAndConsentPromptsDescription",
                                         "childSettings":  [

                                                           ],
                                         "options":  [

                                                     ],
                                         "entityKey":  "privacyAutoAcceptPairingAndConsentPrompts",
                                         "booleanActions":  0,
                                         "defaultValue":  false,
                                         "policyType":  79,
                                         "enabled":  true
                                     },
                                     {
                                         "dataType":  0,
                                         "category":  98,
                                         "nameResourceKey":  "privacyPublishUserActivitiesName",
                                         "descriptionResourceKey":  "privacyPublishUserActivitiesDescription",
                                         "childSettings":  [

                                                           ],
                                         "options":  [

                                                     ],
                                         "entityKey":  "privacyBlockPublishUserActivities",
                                         "booleanActions":  3,
                                         "defaultValue":  false,
                                         "policyType":  79,
                                         "enabled":  true
                                     },
                                     {
                                         "dataType":  0,
                                         "category":  98,
                                         "nameResourceKey":  "privacyLocalActivitiesOnlyName",
                                         "descriptionResourceKey":  "privacyLocalActivitiesOnlyDescription",
                                         "childSettings":  [

                                                           ],
                                         "options":  [

                                                     ],
                                         "entityKey":  "privacyBlockActivityFeed",
                                         "booleanActions":  3,
                                         "defaultValue":  false,
                                         "policyType":  79,
                                         "enabled":  true
                                     },
                                     {
                                         "isSettingDescription":  false,
                                         "showAsSectionHeader":  false,
                                         "dataType":  8,
                                         "category":  98,
                                         "nameResourceKey":  "win10DefaultPrivacyHeader",
                                         "childSettings":  [

                                                           ],
                                         "options":  [

                                                     ],
                                         "booleanActions":  0,
                                         "policyType":  79,
                                         "enabled":  true
                                     },
                                     {
                                         "dataType":  16,
                                         "category":  98,
                                         "nameResourceKey":  "privacyLetAppsAccessAccountInfoName",
                                         "descriptionResourceKey":  "privacyLetAppsAccessAccountInfoDefaultDescription",
                                         "childSettings":  [

                                                           ],
                                         "options":  [
                                                         {
                                                             "nameResourceKey":  "notConfigured",
                                                             "enabled":  true
                                                         },
                                                         {
                                                             "nameResourceKey":  "allowOption",
                                                             "value":  "forceAllow",
                                                             "enabled":  true
                                                         },
                                                         {
                                                             "nameResourceKey":  "blockOption",
                                                             "value":  "forceDeny",
                                                             "enabled":  true
                                                         }
                                                     ],
                                         "entityKey":  "accountInfo",
                                         "booleanActions":  0,
                                         "policyType":  79,
                                         "enabled":  true
                                     },
                                     {
                                         "dataType":  16,
                                         "category":  98,
                                         "nameResourceKey":  "privacyLetAppsRunInBackgroundName",
                                         "descriptionResourceKey":  "privacyLetAppsAccessBackgroundAppsDefaultDescription",
                                         "childSettings":  [

                                                           ],
                                         "options":  [
                                                         {
                                                             "nameResourceKey":  "notConfigured",
                                                             "enabled":  true
                                                         },
                                                         {
                                                             "nameResourceKey":  "allowOption",
                                                             "value":  "forceAllow",
                                                             "enabled":  true
                                                         },
                                                         {
                                                             "nameResourceKey":  "blockOption",
                                                             "value":  "forceDeny",
                                                             "enabled":  true
                                                         }
                                                     ],
                                         "entityKey":  "appsRunInBackground",
                                         "booleanActions":  0,
                                         "policyType":  79,
                                         "enabled":  true
                                     },
                                     {
                                         "dataType":  16,
                                         "category":  98,
                                         "nameResourceKey":  "privacyLetAppsAccessCalendarName",
                                         "descriptionResourceKey":  "privacyLetAppsAccessCalendarDefaultDescription",
                                         "childSettings":  [

                                                           ],
                                         "options":  [
                                                         {
                                                             "nameResourceKey":  "notConfigured",
                                                             "enabled":  true
                                                         },
                                                         {
                                                             "nameResourceKey":  "allowOption",
                                                             "value":  "forceAllow",
                                                             "enabled":  true
                                                         },
                                                         {
                                                             "nameResourceKey":  "blockOption",
                                                             "value":  "forceDeny",
                                                             "enabled":  true
                                                         }
                                                     ],
                                         "entityKey":  "calendar",
                                         "booleanActions":  0,
                                         "policyType":  79,
                                         "enabled":  true
                                     },
                                     {
                                         "dataType":  16,
                                         "category":  98,
                                         "nameResourceKey":  "privacyLetAppsAccessCallHistoryName",
                                         "descriptionResourceKey":  "privacyLetAppsAccessCallHistoryDefaultDescription",
                                         "childSettings":  [

                                                           ],
                                         "options":  [
                                                         {
                                                             "nameResourceKey":  "notConfigured",
                                                             "enabled":  true
                                                         },
                                                         {
                                                             "nameResourceKey":  "allowOption",
                                                             "value":  "forceAllow",
                                                             "enabled":  true
                                                         },
                                                         {
                                                             "nameResourceKey":  "blockOption",
                                                             "value":  "forceDeny",
                                                             "enabled":  true
                                                         }
                                                     ],
                                         "entityKey":  "callHistory",
                                         "booleanActions":  0,
                                         "policyType":  79,
                                         "enabled":  true
                                     },
                                     {
                                         "dataType":  16,
                                         "category":  98,
                                         "nameResourceKey":  "privacyLetAppsAccessCameraName",
                                         "descriptionResourceKey":  "privacyLetAppsAccessCameraDefaultDescription",
                                         "childSettings":  [

                                                           ],
                                         "options":  [
                                                         {
                                                             "nameResourceKey":  "notConfigured",
                                                             "enabled":  true
                                                         },
                                                         {
                                                             "nameResourceKey":  "allowOption",
                                                             "value":  "forceAllow",
                                                             "enabled":  true
                                                         },
                                                         {
                                                             "nameResourceKey":  "blockOption",
                                                             "value":  "forceDeny",
                                                             "enabled":  true
                                                         }
                                                     ],
                                         "entityKey":  "camera",
                                         "booleanActions":  0,
                                         "policyType":  79,
                                         "enabled":  true
                                     },
                                     {
                                         "dataType":  16,
                                         "category":  98,
                                         "nameResourceKey":  "privacyLetAppsAccessContactsName",
                                         "descriptionResourceKey":  "privacyLetAppsAccessContactsDefaultDescription",
                                         "childSettings":  [

                                                           ],
                                         "options":  [
                                                         {
                                                             "nameResourceKey":  "notConfigured",
                                                             "enabled":  true
                                                         },
                                                         {
                                                             "nameResourceKey":  "allowOption",
                                                             "value":  "forceAllow",
                                                             "enabled":  true
                                                         },
                                                         {
                                                             "nameResourceKey":  "blockOption",
                                                             "value":  "forceDeny",
                                                             "enabled":  true
                                                         }
                                                     ],
                                         "entityKey":  "contacts",
                                         "booleanActions":  0,
                                         "policyType":  79,
                                         "enabled":  true
                                     },
                                     {
                                         "dataType":  16,
                                         "category":  98,
                                         "nameResourceKey":  "privacyLetAppsAccessEmailName",
                                         "descriptionResourceKey":  "privacyLetAppsAccessEmailDefaultDescription",
                                         "childSettings":  [

                                                           ],
                                         "options":  [
                                                         {
                                                             "nameResourceKey":  "notConfigured",
                                                             "enabled":  true
                                                         },
                                                         {
                                                             "nameResourceKey":  "allowOption",
                                                             "value":  "forceAllow",
                                                             "enabled":  true
                                                         },
                                                         {
                                                             "nameResourceKey":  "blockOption",
                                                             "value":  "forceDeny",
                                                             "enabled":  true
                                                         }
                                                     ],
                                         "entityKey":  "email",
                                         "booleanActions":  0,
                                         "policyType":  79,
                                         "enabled":  true
                                     },
                                     {
                                         "dataType":  16,
                                         "category":  98,
                                         "nameResourceKey":  "privacyLetAppsAccessLocationName",
                                         "descriptionResourceKey":  "privacyLetAppsAccessLocationDefaultDescription",
                                         "childSettings":  [

                                                           ],
                                         "options":  [
                                                         {
                                                             "nameResourceKey":  "notConfigured",
                                                             "enabled":  true
                                                         },
                                                         {
                                                             "nameResourceKey":  "allowOption",
                                                             "value":  "forceAllow",
                                                             "enabled":  true
                                                         },
                                                         {
                                                             "nameResourceKey":  "blockOption",
                                                             "value":  "forceDeny",
                                                             "enabled":  true
                                                         }
                                                     ],
                                         "entityKey":  "location",
                                         "booleanActions":  0,
                                         "policyType":  79,
                                         "enabled":  true
                                     },
                                     {
                                         "dataType":  16,
                                         "category":  98,
                                         "nameResourceKey":  "privacyLetAppsAccessMessagingName",
                                         "descriptionResourceKey":  "privacyLetAppsAccessMessagingDefaultDescription",
                                         "childSettings":  [

                                                           ],
                                         "options":  [
                                                         {
                                                             "nameResourceKey":  "notConfigured",
                                                             "enabled":  true
                                                         },
                                                         {
                                                             "nameResourceKey":  "allowOption",
                                                             "value":  "forceAllow",
                                                             "enabled":  true
                                                         },
                                                         {
                                                             "nameResourceKey":  "blockOption",
                                                             "value":  "forceDeny",
                                                             "enabled":  true
                                                         }
                                                     ],
                                         "entityKey":  "messaging",
                                         "booleanActions":  0,
                                         "policyType":  79,
                                         "enabled":  true
                                     },
                                     {
                                         "dataType":  16,
                                         "category":  98,
                                         "nameResourceKey":  "privacyLetAppsAccessMicrophoneName",
                                         "descriptionResourceKey":  "privacyLetAppsAccessMicrophoneDefaultDescription",
                                         "childSettings":  [

                                                           ],
                                         "options":  [
                                                         {
                                                             "nameResourceKey":  "notConfigured",
                                                             "enabled":  true
                                                         },
                                                         {
                                                             "nameResourceKey":  "allowOption",
                                                             "value":  "forceAllow",
                                                             "enabled":  true
                                                         },
                                                         {
                                                             "nameResourceKey":  "blockOption",
                                                             "value":  "forceDeny",
                                                             "enabled":  true
                                                         }
                                                     ],
                                         "entityKey":  "microphone",
                                         "booleanActions":  0,
                                         "policyType":  79,
                                         "enabled":  true
                                     },
                                     {
                                         "dataType":  16,
                                         "category":  98,
                                         "nameResourceKey":  "privacyLetAppsAccessMotionName",
                                         "descriptionResourceKey":  "privacyLetAppsAccessMotionDefaultDescription",
                                         "childSettings":  [

                                                           ],
                                         "options":  [
                                                         {
                                                             "nameResourceKey":  "notConfigured",
                                                             "enabled":  true
                                                         },
                                                         {
                                                             "nameResourceKey":  "allowOption",
                                                             "value":  "forceAllow",
                                                             "enabled":  true
                                                         },
                                                         {
                                                             "nameResourceKey":  "blockOption",
                                                             "value":  "forceDeny",
                                                             "enabled":  true
                                                         }
                                                     ],
                                         "entityKey":  "motion",
                                         "booleanActions":  0,
                                         "policyType":  79,
                                         "enabled":  true
                                     },
                                     {
                                         "dataType":  16,
                                         "category":  98,
                                         "nameResourceKey":  "privacyLetAppsAccessNotificationsName",
                                         "descriptionResourceKey":  "privacyLetAppsAccessNotificationsDefaultDescription",
                                         "childSettings":  [

                                                           ],
                                         "options":  [
                                                         {
                                                             "nameResourceKey":  "notConfigured",
                                                             "enabled":  true
                                                         },
                                                         {
                                                             "nameResourceKey":  "allowOption",
                                                             "value":  "forceAllow",
                                                             "enabled":  true
                                                         },
                                                         {
                                                             "nameResourceKey":  "blockOption",
                                                             "value":  "forceDeny",
                                                             "enabled":  true
                                                         }
                                                     ],
                                         "entityKey":  "notifications",
                                         "booleanActions":  0,
                                         "policyType":  79,
                                         "enabled":  true
                                     },
                                     {
                                         "dataType":  16,
                                         "category":  98,
                                         "nameResourceKey":  "privacyLetAppsAccessPhoneName",
                                         "descriptionResourceKey":  "privacyLetAppsAccessPhoneDefaultDescription",
                                         "childSettings":  [

                                                           ],
                                         "options":  [
                                                         {
                                                             "nameResourceKey":  "notConfigured",
                                                             "enabled":  true
                                                         },
                                                         {
                                                             "nameResourceKey":  "allowOption",
                                                             "value":  "forceAllow",
                                                             "enabled":  true
                                                         },
                                                         {
                                                             "nameResourceKey":  "blockOption",
                                                             "value":  "forceDeny",
                                                             "enabled":  true
                                                         }
                                                     ],
                                         "entityKey":  "phone",
                                         "booleanActions":  0,
                                         "policyType":  79,
                                         "enabled":  true
                                     },
                                     {
                                         "dataType":  16,
                                         "category":  98,
                                         "nameResourceKey":  "privacyLetAppsAccessRadiosName",
                                         "descriptionResourceKey":  "privacyLetAppsAccessRadioDefaultDescription",
                                         "childSettings":  [

                                                           ],
                                         "options":  [
                                                         {
                                                             "nameResourceKey":  "notConfigured",
                                                             "enabled":  true
                                                         },
                                                         {
                                                             "nameResourceKey":  "allowOption",
                                                             "value":  "forceAllow",
                                                             "enabled":  true
                                                         },
                                                         {
                                                             "nameResourceKey":  "blockOption",
                                                             "value":  "forceDeny",
                                                             "enabled":  true
                                                         }
                                                     ],
                                         "entityKey":  "radios",
                                         "booleanActions":  0,
                                         "policyType":  79,
                                         "enabled":  true
                                     },
                                     {
                                         "dataType":  16,
                                         "category":  98,
                                         "nameResourceKey":  "privacyLetAppsAccessTasksName",
                                         "descriptionResourceKey":  "privacyLetAppsAccessTasksDefaultDescription",
                                         "childSettings":  [

                                                           ],
                                         "options":  [
                                                         {
                                                             "nameResourceKey":  "notConfigured",
                                                             "enabled":  true
                                                         },
                                                         {
                                                             "nameResourceKey":  "allowOption",
                                                             "value":  "forceAllow",
                                                             "enabled":  true
                                                         },
                                                         {
                                                             "nameResourceKey":  "blockOption",
                                                             "value":  "forceDeny",
                                                             "enabled":  true
                                                         }
                                                     ],
                                         "entityKey":  "tasks",
                                         "booleanActions":  0,
                                         "policyType":  79,
                                         "enabled":  true
                                     },
                                     {
                                         "dataType":  16,
                                         "category":  98,
                                         "nameResourceKey":  "privacyLetAppsAccessTrustedDevicesName",
                                         "descriptionResourceKey":  "privacyLetAppsAccessTrustedDevicesDefaultDescription",
                                         "childSettings":  [

                                                           ],
                                         "options":  [
                                                         {
                                                             "nameResourceKey":  "notConfigured",
                                                             "enabled":  true
                                                         },
                                                         {
                                                             "nameResourceKey":  "allowOption",
                                                             "value":  "forceAllow",
                                                             "enabled":  true
                                                         },
                                                         {
                                                             "nameResourceKey":  "blockOption",
                                                             "value":  "forceDeny",
                                                             "enabled":  true
                                                         }
                                                     ],
                                         "entityKey":  "trustedDevices",
                                         "booleanActions":  0,
                                         "policyType":  79,
                                         "enabled":  true
                                     },
                                     {
                                         "dataType":  16,
                                         "category":  98,
                                         "nameResourceKey":  "privacyLetAppsGetDiagnosticInfoName",
                                         "descriptionResourceKey":  "privacyLetAppsAccessAppDiagnosticsDefaultDescription",
                                         "childSettings":  [

                                                           ],
                                         "options":  [
                                                         {
                                                             "nameResourceKey":  "notConfigured",
                                                             "enabled":  true
                                                         },
                                                         {
                                                             "nameResourceKey":  "allowOption",
                                                             "value":  "forceAllow",
                                                             "enabled":  true
                                                         },
                                                         {
                                                             "nameResourceKey":  "blockOption",
                                                             "value":  "forceDeny",
                                                             "enabled":  true
                                                         }
                                                     ],
                                         "entityKey":  "diagnosticsInfo",
                                         "booleanActions":  0,
                                         "policyType":  79,
                                         "enabled":  true
                                     },
                                     {
                                         "dataType":  16,
                                         "category":  98,
                                         "nameResourceKey":  "privacyLetAppsSyncWithDevicesName",
                                         "descriptionResourceKey":  "privacyLetAppsAccessSyncWithDevicesDefaultDescription",
                                         "childSettings":  [

                                                           ],
                                         "options":  [
                                                         {
                                                             "nameResourceKey":  "notConfigured",
                                                             "enabled":  true
                                                         },
                                                         {
                                                             "nameResourceKey":  "allowOption",
                                                             "value":  "forceAllow",
                                                             "enabled":  true
                                                         },
                                                         {
                                                             "nameResourceKey":  "blockOption",
                                                             "value":  "forceDeny",
                                                             "enabled":  true
                                                         }
                                                     ],
                                         "entityKey":  "syncWithDevices",
                                         "booleanActions":  0,
                                         "policyType":  79,
                                         "enabled":  true
                                     }
                                 ]
}
