{
    "sccmcompliance_compliancewindows10":  {
                                               "dataType":  0,
                                               "category":  114,
                                               "nameResourceKey":  "SCCMComplianceState",
                                               "descriptionResourceKey":  "SCCMComplianceStateDescription",
                                               "childSettings":  [

                                                                 ],
                                               "options":  [

                                                           ],
                                               "entityKey":  "configurationManagerComplianceRequired",
                                               "booleanActions":  1,
                                               "defaultValue":  false,
                                               "policyType":  35,
                                               "enabled":  true
                                           }
}
