{
    "search_windows10general":  [
                                    {
                                        "dataType":  16,
                                        "category":  107,
                                        "nameResourceKey":  "safeSearchFilterName",
                                        "descriptionResourceKey":  "safeSearchFilterDescription",
                                        "childSettings":  [

                                                          ],
                                        "options":  [
                                                        {
                                                            "nameResourceKey":  "userDefined",
                                                            "value":  "userDefined",
                                                            "enabled":  true
                                                        },
                                                        {
                                                            "nameResourceKey":  "strictOption",
                                                            "value":  "strict",
                                                            "enabled":  true
                                                        },
                                                        {
                                                            "nameResourceKey":  "moderateOption",
                                                            "value":  "moderate",
                                                            "enabled":  true
                                                        }
                                                    ],
                                        "entityKey":  "safeSearchFilter",
                                        "booleanActions":  0,
                                        "defaultValue":  "userDefined",
                                        "unconfiguredValue":  "userDefined",
                                        "policyType":  79,
                                        "enabled":  true
                                    },
                                    {
                                        "dataType":  0,
                                        "category":  107,
                                        "nameResourceKey":  "searchBlockWebResultsName",
                                        "descriptionResourceKey":  "searchBlockWebResultsDescription",
                                        "childSettings":  [

                                                          ],
                                        "options":  [

                                                    ],
                                        "entityKey":  "searchBlockWebResults",
                                        "booleanActions":  3,
                                        "defaultValue":  false,
                                        "unconfiguredValue":  false,
                                        "policyType":  79,
                                        "enabled":  true
                                    },
                                    {
                                        "dataType":  0,
                                        "category":  107,
                                        "nameResourceKey":  "searchBlockDiacriticsName",
                                        "descriptionResourceKey":  "searchBlockDiacriticsDescription",
                                        "childSettings":  [

                                                          ],
                                        "options":  [

                                                    ],
                                        "entityKey":  "searchBlockDiacritics",
                                        "booleanActions":  3,
                                        "defaultValue":  false,
                                        "unconfiguredValue":  false,
                                        "policyType":  79,
                                        "enabled":  true
                                    },
                                    {
                                        "dataType":  0,
                                        "category":  107,
                                        "nameResourceKey":  "searchDisableAutoLanguageDetectionName",
                                        "descriptionResourceKey":  "searchDisableAutoLanguageDetectionDescription",
                                        "childSettings":  [

                                                          ],
                                        "options":  [

                                                    ],
                                        "entityKey":  "searchDisableAutoLanguageDetection",
                                        "booleanActions":  3,
                                        "defaultValue":  false,
                                        "unconfiguredValue":  false,
                                        "policyType":  79,
                                        "enabled":  true
                                    },
                                    {
                                        "dataType":  0,
                                        "category":  107,
                                        "nameResourceKey":  "searchDisableUseLocationName",
                                        "descriptionResourceKey":  "searchDisableUseLocationDescription",
                                        "childSettings":  [

                                                          ],
                                        "options":  [

                                                    ],
                                        "entityKey":  "searchDisableUseLocation",
                                        "booleanActions":  3,
                                        "defaultValue":  false,
                                        "unconfiguredValue":  false,
                                        "policyType":  79,
                                        "enabled":  true
                                    },
                                    {
                                        "dataType":  0,
                                        "category":  107,
                                        "nameResourceKey":  "searchDisableIndexerBackoffName",
                                        "descriptionResourceKey":  "searchDisableIndexerBackoffDescription",
                                        "childSettings":  [

                                                          ],
                                        "options":  [

                                                    ],
                                        "entityKey":  "searchDisableIndexerBackoff",
                                        "booleanActions":  3,
                                        "defaultValue":  false,
                                        "unconfiguredValue":  false,
                                        "policyType":  79,
                                        "enabled":  true
                                    },
                                    {
                                        "dataType":  0,
                                        "category":  107,
                                        "nameResourceKey":  "searchDisableIndexingRemovableDriveName",
                                        "descriptionResourceKey":  "searchDisableIndexingRemovableDriveDescription",
                                        "childSettings":  [

                                                          ],
                                        "options":  [

                                                    ],
                                        "entityKey":  "searchDisableIndexingRemovableDrive",
                                        "booleanActions":  3,
                                        "defaultValue":  false,
                                        "unconfiguredValue":  false,
                                        "policyType":  79,
                                        "enabled":  true
                                    },
                                    {
                                        "dataType":  0,
                                        "category":  107,
                                        "nameResourceKey":  "searchEnableAutomaticIndexSizeManangementName",
                                        "descriptionResourceKey":  "searchEnableAutomaticIndexSizeManangementDescription",
                                        "childSettings":  [

                                                          ],
                                        "options":  [

                                                    ],
                                        "entityKey":  "searchEnableAutomaticIndexSizeManangement",
                                        "booleanActions":  2,
                                        "defaultValue":  false,
                                        "unconfiguredValue":  false,
                                        "policyType":  79,
                                        "enabled":  true
                                    },
                                    {
                                        "dataType":  0,
                                        "category":  107,
                                        "nameResourceKey":  "searchEnableRemoteQueriesName",
                                        "descriptionResourceKey":  "searchEnableRemoteQueriesDescription",
                                        "childSettings":  [

                                                          ],
                                        "options":  [

                                                    ],
                                        "entityKey":  "searchEnableRemoteQueries",
                                        "booleanActions":  2,
                                        "defaultValue":  false,
                                        "unconfiguredValue":  false,
                                        "policyType":  79,
                                        "enabled":  true
                                    }
                                ]
}
