{
    "smartscreen_windows10endpointprotection":  [
                                                    {
                                                        "dataType":  0,
                                                        "category":  109,
                                                        "nameResourceKey":  "SmartScreenEnableInShellName",
                                                        "descriptionResourceKey":  "SmartScreenEnableInShellDescription",
                                                        "childSettings":  [

                                                                          ],
                                                        "options":  [

                                                                    ],
                                                        "entityKey":  "smartScreenEnableInShell",
                                                        "booleanActions":  2,
                                                        "defaultValue":  false,
                                                        "policyType":  77,
                                                        "enabled":  true
                                                    },
                                                    {
                                                        "dataType":  0,
                                                        "category":  109,
                                                        "nameResourceKey":  "SmartScreenBlockOverrideForFilesName",
                                                        "descriptionResourceKey":  "SmartScreenBlockOverrideForFilesDescription",
                                                        "childSettings":  [

                                                                          ],
                                                        "options":  [

                                                                    ],
                                                        "entityKey":  "smartScreenBlockOverrideForFiles",
                                                        "booleanActions":  3,
                                                        "defaultValue":  false,
                                                        "policyType":  77,
                                                        "enabled":  true
                                                    }
                                                ]
}
