{
    "trustedcert_androidforworktrustedcertificate":  {
                                                         "dataEntityKey":  "trustedRootCertificate",
                                                         "filenameEntityKey":  "certFileName",
                                                         "dataType":  1,
                                                         "category":  115,
                                                         "nameResourceKey":  "trustedCertPolicySelectCertificateName",
                                                         "descriptionResourceKey":  "empty",
                                                         "childSettings":  [

                                                                           ],
                                                         "options":  [

                                                                     ],
                                                         "entityKey":  "trustedRootCertificate",
                                                         "booleanActions":  0,
                                                         "policyType":  18,
                                                         "enabled":  true
                                                     }
}
