{
    "vpn_windows8vpn":  [
                            {
                                "dataType":  20,
                                "category":  129,
                                "nameResourceKey":  "vPNPolicyConnectionName",
                                "descriptionResourceKey":  "vPNPolicyConnectionDescription",
                                "emptyValueResourceKey":  "vPNConnectionExample",
                                "childSettings":  [

                                                  ],
                                "options":  [

                                            ],
                                "entityKey":  "connectionName",
                                "booleanActions":  0,
                                "policyType":  95,
                                "enabled":  true
                            },
                            {
                                "columns":  [
                                                {
                                                    "metadata":  {
                                                                     "dataType":  20,
                                                                     "category":  129,
                                                                     "nameResourceKey":  "vPNPolicyServerDescriptionName",
                                                                     "descriptionResourceKey":  "vPNPolicyServerDescriptionDescription",
                                                                     "emptyValueResourceKey":  "vPNServerExample",
                                                                     "childSettings":  [

                                                                                       ],
                                                                     "options":  [

                                                                                 ],
                                                                     "entityKey":  "description",
                                                                     "booleanActions":  0,
                                                                     "policyType":  95,
                                                                     "enabled":  true
                                                                 }
                                                },
                                                {
                                                    "metadata":  {
                                                                     "dataType":  20,
                                                                     "category":  129,
                                                                     "nameResourceKey":  "vPNPolicyServerIPAddressOrFQDNName",
                                                                     "descriptionResourceKey":  "vPNPolicyServerIPAddressOrFQDNDescription",
                                                                     "emptyValueResourceKey":  "vPNAddressExample",
                                                                     "childSettings":  [

                                                                                       ],
                                                                     "options":  [

                                                                                 ],
                                                                     "entityKey":  "address",
                                                                     "booleanActions":  0,
                                                                     "policyType":  95,
                                                                     "enabled":  true
                                                                 }
                                                },
                                                {
                                                    "metadata":  {
                                                                     "dataType":  19,
                                                                     "category":  129,
                                                                     "nameResourceKey":  "vPNPolicyDefaultServerName",
                                                                     "descriptionResourceKey":  "vPNPolicyDefaultServerDescription",
                                                                     "childSettings":  [

                                                                                       ],
                                                                     "options":  [
                                                                                     {
                                                                                         "nameResourceKey":  "trueOption",
                                                                                         "value":  true,
                                                                                         "enabled":  true
                                                                                     },
                                                                                     {
                                                                                         "nameResourceKey":  "falseOption",
                                                                                         "value":  false,
                                                                                         "enabled":  true
                                                                                     }
                                                                                 ],
                                                                     "entityKey":  "isDefaultServer",
                                                                     "booleanActions":  0,
                                                                     "defaultValue":  false,
                                                                     "policyType":  95,
                                                                     "enabled":  true
                                                                 }
                                                }
                                            ],
                                "dataType":  21,
                                "category":  129,
                                "nameResourceKey":  "vPNPolicyServersName",
                                "descriptionResourceKey":  "vPNPolicyServersDescription",
                                "childSettings":  [

                                                  ],
                                "options":  [

                                            ],
                                "entityKey":  "servers",
                                "booleanActions":  0,
                                "policyType":  95,
                                "enabled":  true
                            },
                            {
                                "dataType":  16,
                                "category":  129,
                                "nameResourceKey":  "vPNPolicyConnectionTypeName",
                                "descriptionResourceKey":  "VPNPolicyConnectionTypeDescriptionNoCustom",
                                "childSettings":  [

                                                  ],
                                "options":  [
                                                {
                                                    "nameResourceKey":  "selectAConnectionType",
                                                    "enabled":  true
                                                },
                                                {
                                                    "nameResourceKey":  "checkPointCapsuleVPNOption",
                                                    "value":  "checkPointCapsuleVpn",
                                                    "enabled":  true
                                                },
                                                {
                                                    "nameResourceKey":  "dellSoniceWallMobileConnectOption",
                                                    "value":  "dellSonicWallMobileConnect",
                                                    "children":  [
                                                                     {
                                                                         "dataType":  20,
                                                                         "category":  129,
                                                                         "nameResourceKey":  "loginGroupOrDomain",
                                                                         "descriptionResourceKey":  "empty",
                                                                         "childSettings":  [

                                                                                           ],
                                                                         "options":  [

                                                                                     ],
                                                                         "entityKey":  "loginGroupOrDomain",
                                                                         "booleanActions":  0,
                                                                         "policyType":  95,
                                                                         "enabled":  true
                                                                     }
                                                                 ],
                                                    "enabled":  true
                                                },
                                                {
                                                    "nameResourceKey":  "fFiveEdgeClientOption",
                                                    "value":  "f5EdgeClient",
                                                    "enabled":  true
                                                },
                                                {
                                                    "nameResourceKey":  "pulseSecureOption",
                                                    "value":  "pulseSecure",
                                                    "enabled":  true
                                                }
                                            ],
                                "entityKey":  "connectionType",
                                "booleanActions":  0,
                                "policyType":  95,
                                "enabled":  true
                            },
                            {
                                "dataType":  12,
                                "category":  129,
                                "nameResourceKey":  "vPNPolicyCustomXMLName",
                                "descriptionResourceKey":  "empty",
                                "childSettings":  [

                                                  ],
                                "options":  [

                                            ],
                                "entityKey":  "customXml",
                                "booleanActions":  0,
                                "policyType":  95,
                                "enabled":  true
                            },
                            {
                                "dataType":  19,
                                "category":  129,
                                "nameResourceKey":  "vPNPolicySendAllNetworkTrafficThroughVPNName",
                                "descriptionResourceKey":  "vPNPolicySendAllNetworkTrafficThroughVPNDescription",
                                "childSettings":  [

                                                  ],
                                "options":  [
                                                {
                                                    "nameResourceKey":  "enableOption",
                                                    "value":  true,
                                                    "enabled":  true
                                                },
                                                {
                                                    "nameResourceKey":  "disableOption",
                                                    "value":  false,
                                                    "enabled":  true
                                                }
                                            ],
                                "entityKey":  "enableSplitTunneling",
                                "booleanActions":  0,
                                "policyType":  95,
                                "enabled":  true
                            }
                        ]
}
