{
    "vpn_windows10xvpn":  [
                              {
                                  "dataEntityKey":  "customXml",
                                  "filenameEntityKey":  "payloadFileName",
                                  "dataType":  2,
                                  "category":  129,
                                  "nameResourceKey":  "customWiFiPolicyFileName",
                                  "descriptionResourceKey":  "empty",
                                  "childSettings":  [

                                                    ],
                                  "options":  [

                                              ],
                                  "entityKey":  "customXml",
                                  "booleanActions":  0,
                                  "policyType":  111,
                                  "enabled":  true
                              },
                              {
                                  "complexOptions":  [
                                                         {
                                                             "dataType":  4,
                                                             "category":  129,
                                                             "nameResourceKey":  "selectCertificateProfile",
                                                             "descriptionResourceKey":  "clientCertForClientAuthenticationDescription",
                                                             "childSettings":  [

                                                                               ],
                                                             "options":  [

                                                                         ],
                                                             "entityKey":  "authenticationCertificateId",
                                                             "booleanActions":  0,
                                                             "policyType":  111,
                                                             "enabled":  true
                                                         }
                                                     ],
                                  "dataType":  5,
                                  "category":  129,
                                  "nameResourceKey":  "certificatesOption",
                                  "descriptionResourceKey":  "empty",
                                  "emptyValueResourceKey":  "selectCertificate",
                                  "childSettings":  [

                                                    ],
                                  "options":  [

                                              ],
                                  "booleanActions":  0,
                                  "policyType":  111,
                                  "enabled":  true
                              }
                          ]
}
