{
    "wakesettings_windows10devicefirmwareconfigurationinterface":  [
                                                                       {
                                                                           "dataType":  10,
                                                                           "category":  120,
                                                                           "nameResourceKey":  "dfciGranularSettingsWarningInfoBox",
                                                                           "childSettings":  [

                                                                                             ],
                                                                           "options":  [

                                                                                       ],
                                                                           "booleanActions":  0,
                                                                           "policyType":  108,
                                                                           "enabled":  true
                                                                       },
                                                                       {
                                                                           "dataType":  16,
                                                                           "category":  120,
                                                                           "nameResourceKey":  "wakeOnLANName",
                                                                           "descriptionResourceKey":  "wakeOnLANDescription",
                                                                           "childSettings":  [

                                                                                             ],
                                                                           "options":  [
                                                                                           {
                                                                                               "nameResourceKey":  "notConfigured",
                                                                                               "value":  "notConfigured",
                                                                                               "enabled":  true
                                                                                           },
                                                                                           {
                                                                                               "nameResourceKey":  "enabledOption",
                                                                                               "value":  "enabled",
                                                                                               "enabled":  true
                                                                                           },
                                                                                           {
                                                                                               "nameResourceKey":  "disabledOption",
                                                                                               "value":  "disabled",
                                                                                               "enabled":  true
                                                                                           }
                                                                                       ],
                                                                           "entityKey":  "wakeOnLAN",
                                                                           "booleanActions":  0,
                                                                           "defaultValue":  "notConfigured",
                                                                           "unconfiguredValue":  "notConfigured",
                                                                           "policyType":  108,
                                                                           "enabled":  false
                                                                       },
                                                                       {
                                                                           "dataType":  16,
                                                                           "category":  120,
                                                                           "nameResourceKey":  "wakeOnPowerName",
                                                                           "descriptionResourceKey":  "wakeOnPowerDescription",
                                                                           "childSettings":  [

                                                                                             ],
                                                                           "options":  [
                                                                                           {
                                                                                               "nameResourceKey":  "notConfigured",
                                                                                               "value":  "notConfigured",
                                                                                               "enabled":  true
                                                                                           },
                                                                                           {
                                                                                               "nameResourceKey":  "enabledOption",
                                                                                               "value":  "enabled",
                                                                                               "enabled":  true
                                                                                           },
                                                                                           {
                                                                                               "nameResourceKey":  "disabledOption",
                                                                                               "value":  "disabled",
                                                                                               "enabled":  true
                                                                                           }
                                                                                       ],
                                                                           "entityKey":  "wakeOnPower",
                                                                           "booleanActions":  0,
                                                                           "defaultValue":  "notConfigured",
                                                                           "unconfiguredValue":  "notConfigured",
                                                                           "policyType":  108,
                                                                           "enabled":  false
                                                                       }
                                                                   ]
}
