{
    "windowsspotlight_windows10general":  [
                                              {
                                                  "dataType":  0,
                                                  "category":  124,
                                                  "nameResourceKey":  "windowsSpotlightName",
                                                  "descriptionResourceKey":  "windowsSpotlightDescription",
                                                  "childSettings":  [
                                                                        {
                                                                            "dataType":  19,
                                                                            "category":  124,
                                                                            "nameResourceKey":  "windowsSpotlightOnLockScreenName",
                                                                            "descriptionResourceKey":  "windowsSpotlightOnLockScreenDescription",
                                                                            "childSettings":  [

                                                                                              ],
                                                                            "options":  [
                                                                                            {
                                                                                                "nameResourceKey":  "blockOption",
                                                                                                "value":  "disabled",
                                                                                                "enabled":  true
                                                                                            },
                                                                                            {
                                                                                                "nameResourceKey":  "notConfigured",
                                                                                                "value":  "notConfigured",
                                                                                                "enabled":  true
                                                                                            }
                                                                                        ],
                                                                            "entityKey":  "windowsSpotlightConfigureOnLockScreen",
                                                                            "booleanActions":  0,
                                                                            "defaultValue":  "notConfigured",
                                                                            "unconfiguredValue":  "notConfigured",
                                                                            "policyType":  79,
                                                                            "enabled":  true
                                                                        },
                                                                        {
                                                                            "dataType":  0,
                                                                            "category":  124,
                                                                            "nameResourceKey":  "thirdPartySuggestionsName",
                                                                            "descriptionResourceKey":  "thirdPartySuggestionsDescription",
                                                                            "childSettings":  [

                                                                                              ],
                                                                            "options":  [

                                                                                        ],
                                                                            "entityKey":  "windowsSpotlightBlockThirdPartyNotifications",
                                                                            "booleanActions":  3,
                                                                            "defaultValue":  false,
                                                                            "policyType":  79,
                                                                            "enabled":  true
                                                                        },
                                                                        {
                                                                            "dataType":  0,
                                                                            "category":  124,
                                                                            "nameResourceKey":  "consumerFeaturesName",
                                                                            "descriptionResourceKey":  "consumerFeaturesDescription",
                                                                            "childSettings":  [

                                                                                              ],
                                                                            "options":  [

                                                                                        ],
                                                                            "entityKey":  "windowsSpotlightBlockConsumerSpecificFeatures",
                                                                            "booleanActions":  3,
                                                                            "defaultValue":  false,
                                                                            "policyType":  79,
                                                                            "enabled":  true
                                                                        },
                                                                        {
                                                                            "dataType":  0,
                                                                            "category":  124,
                                                                            "nameResourceKey":  "windowsTipsName",
                                                                            "descriptionResourceKey":  "windowsTipsDescription",
                                                                            "childSettings":  [

                                                                                              ],
                                                                            "options":  [

                                                                                        ],
                                                                            "entityKey":  "windowsSpotlightBlockWindowsTips",
                                                                            "booleanActions":  3,
                                                                            "defaultValue":  false,
                                                                            "policyType":  79,
                                                                            "enabled":  true
                                                                        },
                                                                        {
                                                                            "dataType":  0,
                                                                            "category":  124,
                                                                            "nameResourceKey":  "windowsSpotlightInActionCenterName",
                                                                            "descriptionResourceKey":  "windowsSpotlightInActionCenterDescription",
                                                                            "childSettings":  [

                                                                                              ],
                                                                            "options":  [

                                                                                        ],
                                                                            "entityKey":  "windowsSpotlightBlockOnActionCenter",
                                                                            "booleanActions":  3,
                                                                            "defaultValue":  false,
                                                                            "policyType":  79,
                                                                            "enabled":  true
                                                                        },
                                                                        {
                                                                            "dataType":  0,
                                                                            "category":  124,
                                                                            "nameResourceKey":  "windowsSpotlightPersonalizationName",
                                                                            "descriptionResourceKey":  "windowsSpotlightPersonalizationDescription",
                                                                            "childSettings":  [

                                                                                              ],
                                                                            "options":  [

                                                                                        ],
                                                                            "entityKey":  "windowsSpotlightBlockTailoredExperiences",
                                                                            "booleanActions":  3,
                                                                            "defaultValue":  false,
                                                                            "policyType":  79,
                                                                            "enabled":  true
                                                                        },
                                                                        {
                                                                            "dataType":  0,
                                                                            "category":  124,
                                                                            "nameResourceKey":  "windowsWelcomeExperienceName",
                                                                            "descriptionResourceKey":  "windowsWelcomeExperienceDescription",
                                                                            "childSettings":  [

                                                                                              ],
                                                                            "options":  [

                                                                                        ],
                                                                            "entityKey":  "windowsSpotlightBlockWelcomeExperience",
                                                                            "booleanActions":  3,
                                                                            "defaultValue":  false,
                                                                            "policyType":  79,
                                                                            "enabled":  true
                                                                        }
                                                                    ],
                                                  "options":  [

                                                              ],
                                                  "entityKey":  "windowsSpotlightBlocked",
                                                  "booleanActions":  3,
                                                  "defaultValue":  false,
                                                  "policyType":  79,
                                                  "enabled":  true
                                              },
                                              {
                                                  "dataType":  0,
                                                  "category":  124,
                                                  "nameResourceKey":  "InkWorkspaceBlockSuggestedAppsName",
                                                  "descriptionResourceKey":  "InkWorkspaceBlockSuggestedAppsDescription",
                                                  "childSettings":  [

                                                                    ],
                                                  "options":  [

                                                              ],
                                                  "entityKey":  "inkWorkspaceBlockSuggestedApps",
                                                  "booleanActions":  3,
                                                  "defaultValue":  false,
                                                  "policyType":  79,
                                                  "enabled":  true
                                              }
                                          ]
}
