{
    "windowsatp_windows10atpstreamlinedonboarding":  [
                                                         {
                                                             "dataType":  19,
                                                             "category":  123,
                                                             "nameResourceKey":  "sampleSharingEnableOrNotConfiguredName",
                                                             "descriptionResourceKey":  "sampleSharingEnableOrNotConfiguredDescription",
                                                             "childSettings":  [

                                                                               ],
                                                             "options":  [
                                                                             {
                                                                                 "nameResourceKey":  "blockOption",
                                                                                 "value":  true,
                                                                                 "enabled":  true
                                                                             },
                                                                             {
                                                                                 "nameResourceKey":  "notConfigured",
                                                                                 "value":  false,
                                                                                 "enabled":  true
                                                                             }
                                                                         ],
                                                             "entityKey":  "allowSampleSharing",
                                                             "booleanActions":  0,
                                                             "defaultValue":  false,
                                                             "policyType":  73,
                                                             "enabled":  true
                                                         },
                                                         {
                                                             "dataType":  19,
                                                             "category":  123,
                                                             "nameResourceKey":  "telemetryReportingEnableOrNotConfiguredName",
                                                             "descriptionResourceKey":  "telemetryReportingEnableOrNotConfiguredDescription",
                                                             "childSettings":  [

                                                                               ],
                                                             "options":  [
                                                                             {
                                                                                 "nameResourceKey":  "enableOption",
                                                                                 "value":  true,
                                                                                 "enabled":  true
                                                                             },
                                                                             {
                                                                                 "nameResourceKey":  "notConfigured",
                                                                                 "value":  false,
                                                                                 "enabled":  true
                                                                             }
                                                                         ],
                                                             "entityKey":  "enableExpeditedTelemetryReporting",
                                                             "booleanActions":  0,
                                                             "defaultValue":  false,
                                                             "policyType":  73,
                                                             "enabled":  true
                                                         },
                                                         {
                                                             "dataType":  9,
                                                             "category":  123,
                                                             "nameResourceKey":  "autoPopulateOnboardingBlobName",
                                                             "descriptionResourceKey":  "autoPopulateOnboardingBlobDescription",
                                                             "childSettings":  [

                                                                               ],
                                                             "options":  [

                                                                         ],
                                                             "entityKey":  "advancedThreatProtectionAutoPopulateOnboardingBlob",
                                                             "booleanActions":  0,
                                                             "policyType":  73,
                                                             "enabled":  true
                                                         }
                                                     ]
}
