{
    "workprofilepassword_androiddeviceownergeneral":  {
                                                          "isSettingDescription":  false,
                                                          "showAsSectionHeader":  true,
                                                          "dataType":  8,
                                                          "category":  128,
                                                          "nameResourceKey":  "workProfileAndroidEnrollmentTypesHeaderName",
                                                          "descriptionResourceKey":  "workProfileAndroidEnrollmentTypesHeaderDescription",
                                                          "childSettings":  [
                                                                                {
                                                                                    "dataType":  16,
                                                                                    "category":  128,
                                                                                    "nameResourceKey":  "requiredPasswordTypeName",
                                                                                    "descriptionResourceKey":  "androidEnterpriseRequiredPasswordTypeDescription",
                                                                                    "emptyValueResourceKey":  "passwordExpirationInDaysEmptyValueKey",
                                                                                    "childSettings":  [

                                                                                                      ],
                                                                                    "options":  [
                                                                                                    {
                                                                                                        "nameResourceKey":  "selectTypeOption",
                                                                                                        "enabled":  true
                                                                                                    },
                                                                                                    {
                                                                                                        "nameResourceKey":  "deviceDefault",
                                                                                                        "value":  "deviceDefault",
                                                                                                        "enabled":  true
                                                                                                    },
                                                                                                    {
                                                                                                        "nameResourceKey":  "requiredNoRestiction",
                                                                                                        "value":  "required",
                                                                                                        "enabled":  true
                                                                                                    },
                                                                                                    {
                                                                                                        "nameResourceKey":  "biometricWeak",
                                                                                                        "value":  "lowSecurityBiometric",
                                                                                                        "enabled":  true
                                                                                                    },
                                                                                                    {
                                                                                                        "nameResourceKey":  "numericOption",
                                                                                                        "value":  "numeric",
                                                                                                        "children":  [
                                                                                                                         {
                                                                                                                             "dataType":  14,
                                                                                                                             "category":  128,
                                                                                                                             "nameResourceKey":  "complianceMinimumPasswordLengthName",
                                                                                                                             "descriptionResourceKey":  "passwordMinimumLengthDescription",
                                                                                                                             "emptyValueResourceKey":  "minimumPasswordLengthEmptyValueKeyFourToSixteen",
                                                                                                                             "childSettings":  [

                                                                                                                                               ],
                                                                                                                             "options":  [

                                                                                                                                         ],
                                                                                                                             "entityKey":  "workProfilePasswordMinimumLength",
                                                                                                                             "booleanActions":  0,
                                                                                                                             "policyType":  2,
                                                                                                                             "enabled":  true
                                                                                                                         }
                                                                                                                     ],
                                                                                                        "enabled":  true
                                                                                                    },
                                                                                                    {
                                                                                                        "nameResourceKey":  "numericComplex",
                                                                                                        "value":  "numericComplex",
                                                                                                        "children":  [
                                                                                                                         {
                                                                                                                             "dataType":  14,
                                                                                                                             "category":  128,
                                                                                                                             "nameResourceKey":  "complianceMinimumPasswordLengthName",
                                                                                                                             "descriptionResourceKey":  "passwordMinimumLengthDescription",
                                                                                                                             "emptyValueResourceKey":  "minimumPasswordLengthEmptyValueKeyFourToSixteen",
                                                                                                                             "childSettings":  [

                                                                                                                                               ],
                                                                                                                             "options":  [

                                                                                                                                         ],
                                                                                                                             "entityKey":  "workProfilePasswordMinimumLength",
                                                                                                                             "booleanActions":  0,
                                                                                                                             "policyType":  2,
                                                                                                                             "enabled":  true
                                                                                                                         }
                                                                                                                     ],
                                                                                                        "enabled":  true
                                                                                                    },
                                                                                                    {
                                                                                                        "nameResourceKey":  "alphabeticOption",
                                                                                                        "value":  "alphabetic",
                                                                                                        "children":  [
                                                                                                                         {
                                                                                                                             "dataType":  14,
                                                                                                                             "category":  128,
                                                                                                                             "nameResourceKey":  "complianceMinimumPasswordLengthName",
                                                                                                                             "descriptionResourceKey":  "passwordMinimumLengthDescription",
                                                                                                                             "emptyValueResourceKey":  "minimumPasswordLengthEmptyValueKeyFourToSixteen",
                                                                                                                             "childSettings":  [

                                                                                                                                               ],
                                                                                                                             "options":  [

                                                                                                                                         ],
                                                                                                                             "entityKey":  "workProfilePasswordMinimumLength",
                                                                                                                             "booleanActions":  0,
                                                                                                                             "policyType":  2,
                                                                                                                             "enabled":  true
                                                                                                                         }
                                                                                                                     ],
                                                                                                        "enabled":  true
                                                                                                    },
                                                                                                    {
                                                                                                        "nameResourceKey":  "alphanumericOption",
                                                                                                        "value":  "alphanumeric",
                                                                                                        "children":  [
                                                                                                                         {
                                                                                                                             "dataType":  14,
                                                                                                                             "category":  128,
                                                                                                                             "nameResourceKey":  "complianceMinimumPasswordLengthName",
                                                                                                                             "descriptionResourceKey":  "passwordMinimumLengthDescription",
                                                                                                                             "emptyValueResourceKey":  "minimumPasswordLengthEmptyValueKeyFourToSixteen",
                                                                                                                             "childSettings":  [

                                                                                                                                               ],
                                                                                                                             "options":  [

                                                                                                                                         ],
                                                                                                                             "entityKey":  "workProfilePasswordMinimumLength",
                                                                                                                             "booleanActions":  0,
                                                                                                                             "policyType":  2,
                                                                                                                             "enabled":  true
                                                                                                                         }
                                                                                                                     ],
                                                                                                        "enabled":  true
                                                                                                    },
                                                                                                    {
                                                                                                        "nameResourceKey":  "alphanumericWithSymbolsOption",
                                                                                                        "value":  "alphanumericWithSymbols",
                                                                                                        "children":  [
                                                                                                                         {
                                                                                                                             "dataType":  14,
                                                                                                                             "category":  128,
                                                                                                                             "nameResourceKey":  "complianceMinimumPasswordLengthName",
                                                                                                                             "descriptionResourceKey":  "passwordMinimumLengthDescription",
                                                                                                                             "emptyValueResourceKey":  "minimumPasswordLengthEmptyValueKeyFourToSixteen",
                                                                                                                             "childSettings":  [

                                                                                                                                               ],
                                                                                                                             "options":  [

                                                                                                                                         ],
                                                                                                                             "entityKey":  "workProfilePasswordMinimumLength",
                                                                                                                             "booleanActions":  0,
                                                                                                                             "policyType":  2,
                                                                                                                             "enabled":  true
                                                                                                                         },
                                                                                                                         {
                                                                                                                             "dataType":  14,
                                                                                                                             "category":  128,
                                                                                                                             "nameResourceKey":  "passwordMinimumLetterCharactersName",
                                                                                                                             "descriptionResourceKey":  "",
                                                                                                                             "emptyValueResourceKey":  "passwordEmptyValueKeyZeroToSixteen",
                                                                                                                             "childSettings":  [

                                                                                                                                               ],
                                                                                                                             "options":  [

                                                                                                                                         ],
                                                                                                                             "entityKey":  "workProfilePasswordMinimumLetterCharacters",
                                                                                                                             "booleanActions":  0,
                                                                                                                             "policyType":  2,
                                                                                                                             "enabled":  true
                                                                                                                         },
                                                                                                                         {
                                                                                                                             "dataType":  14,
                                                                                                                             "category":  128,
                                                                                                                             "nameResourceKey":  "passwordMinimumLowerCaseCharactersName",
                                                                                                                             "descriptionResourceKey":  "",
                                                                                                                             "emptyValueResourceKey":  "passwordEmptyValueKeyZeroToSixteen",
                                                                                                                             "childSettings":  [

                                                                                                                                               ],
                                                                                                                             "options":  [

                                                                                                                                         ],
                                                                                                                             "entityKey":  "workProfilePasswordMinimumLowerCaseCharacters",
                                                                                                                             "booleanActions":  0,
                                                                                                                             "policyType":  2,
                                                                                                                             "enabled":  true
                                                                                                                         },
                                                                                                                         {
                                                                                                                             "dataType":  14,
                                                                                                                             "category":  128,
                                                                                                                             "nameResourceKey":  "passwordMinimumUpperCaseCharactersName",
                                                                                                                             "descriptionResourceKey":  "",
                                                                                                                             "emptyValueResourceKey":  "passwordEmptyValueKeyZeroToSixteen",
                                                                                                                             "childSettings":  [

                                                                                                                                               ],
                                                                                                                             "options":  [

                                                                                                                                         ],
                                                                                                                             "entityKey":  "workProfilePasswordMinimumUpperCaseCharacters",
                                                                                                                             "booleanActions":  0,
                                                                                                                             "policyType":  2,
                                                                                                                             "enabled":  true
                                                                                                                         },
                                                                                                                         {
                                                                                                                             "dataType":  14,
                                                                                                                             "category":  128,
                                                                                                                             "nameResourceKey":  "passwordMinimumNonLetterCharactersName",
                                                                                                                             "descriptionResourceKey":  "",
                                                                                                                             "emptyValueResourceKey":  "passwordEmptyValueKeyZeroToSixteen",
                                                                                                                             "childSettings":  [

                                                                                                                                               ],
                                                                                                                             "options":  [

                                                                                                                                         ],
                                                                                                                             "entityKey":  "workProfilePasswordMinimumNonLetterCharacters",
                                                                                                                             "booleanActions":  0,
                                                                                                                             "policyType":  2,
                                                                                                                             "enabled":  true
                                                                                                                         },
                                                                                                                         {
                                                                                                                             "dataType":  14,
                                                                                                                             "category":  128,
                                                                                                                             "nameResourceKey":  "passwordMinimumNumericCharactersName",
                                                                                                                             "descriptionResourceKey":  "",
                                                                                                                             "emptyValueResourceKey":  "passwordEmptyValueKeyZeroToSixteen",
                                                                                                                             "childSettings":  [

                                                                                                                                               ],
                                                                                                                             "options":  [

                                                                                                                                         ],
                                                                                                                             "entityKey":  "workProfilePasswordMinimumNumericCharacters",
                                                                                                                             "booleanActions":  0,
                                                                                                                             "policyType":  2,
                                                                                                                             "enabled":  true
                                                                                                                         },
                                                                                                                         {
                                                                                                                             "dataType":  14,
                                                                                                                             "category":  128,
                                                                                                                             "nameResourceKey":  "passwordMinimumSymbolCharactersName",
                                                                                                                             "descriptionResourceKey":  "passwordMinimumSymbolCharactersDescription",
                                                                                                                             "emptyValueResourceKey":  "passwordEmptyValueKeyZeroToSixteen",
                                                                                                                             "childSettings":  [

                                                                                                                                               ],
                                                                                                                             "options":  [

                                                                                                                                         ],
                                                                                                                             "entityKey":  "workProfilePasswordMinimumSymbolCharacters",
                                                                                                                             "booleanActions":  0,
                                                                                                                             "policyType":  2,
                                                                                                                             "enabled":  true
                                                                                                                         }
                                                                                                                     ],
                                                                                                        "enabled":  true
                                                                                                    }
                                                                                                ],
                                                                                    "entityKey":  "workProfilePasswordRequiredType",
                                                                                    "booleanActions":  0,
                                                                                    "defaultValue":  "deviceDefault",
                                                                                    "unconfiguredValue":  "deviceDefault",
                                                                                    "policyType":  2,
                                                                                    "enabled":  true
                                                                                },
                                                                                {
                                                                                    "dataType":  14,
                                                                                    "category":  128,
                                                                                    "nameResourceKey":  "passwordExpirationName",
                                                                                    "descriptionResourceKey":  "passwordExpirationDescription",
                                                                                    "emptyValueResourceKey":  "passwordExpirationInDaysEmptyValueOneYearKey",
                                                                                    "childSettings":  [

                                                                                                      ],
                                                                                    "options":  [

                                                                                                ],
                                                                                    "entityKey":  "workProfilePasswordExpirationDays",
                                                                                    "booleanActions":  0,
                                                                                    "policyType":  2,
                                                                                    "enabled":  true
                                                                                },
                                                                                {
                                                                                    "dataType":  14,
                                                                                    "category":  128,
                                                                                    "nameResourceKey":  "passwordPreviousPasswordBlockCountName",
                                                                                    "descriptionResourceKey":  "passwordPreviousPasswordBlockCountDescription",
                                                                                    "emptyValueResourceKey":  "numberOfPreviousPasswordsToBlockEmptyValueKey",
                                                                                    "childSettings":  [

                                                                                                      ],
                                                                                    "options":  [

                                                                                                ],
                                                                                    "entityKey":  "workProfilePasswordPreviousPasswordCountToBlock",
                                                                                    "booleanActions":  0,
                                                                                    "policyType":  2,
                                                                                    "enabled":  true
                                                                                },
                                                                                {
                                                                                    "dataType":  14,
                                                                                    "category":  128,
                                                                                    "nameResourceKey":  "passwordSignInFailureCountBeforeFactoryResetName",
                                                                                    "descriptionResourceKey":  "passwordSignInFailureCountBeforeFactoryResetDescription",
                                                                                    "emptyValueResourceKey":  "passwordSignInFailureCountBeforeFactoryResetEmptyValueKey",
                                                                                    "childSettings":  [

                                                                                                      ],
                                                                                    "options":  [

                                                                                                ],
                                                                                    "entityKey":  "workProfilePasswordSignInFailureCountBeforeFactoryReset",
                                                                                    "booleanActions":  0,
                                                                                    "policyType":  2,
                                                                                    "enabled":  true
                                                                                },
                                                                                {
                                                                                    "dataType":  16,
                                                                                    "category":  128,
                                                                                    "nameResourceKey":  "requiredPasswordUnlockName",
                                                                                    "childSettings":  [

                                                                                                      ],
                                                                                    "options":  [
                                                                                                    {
                                                                                                        "nameResourceKey":  "deviceDefault",
                                                                                                        "value":  "deviceDefault",
                                                                                                        "enabled":  true
                                                                                                    },
                                                                                                    {
                                                                                                        "nameResourceKey":  "requiredPasswordUnlockDailyOption",
                                                                                                        "value":  "daily",
                                                                                                        "enabled":  true
                                                                                                    }
                                                                                                ],
                                                                                    "entityKey":  "workProfilePasswordRequireUnlock",
                                                                                    "booleanActions":  0,
                                                                                    "defaultValue":  "deviceDefault",
                                                                                    "unconfiguredValue":  "deviceDefault",
                                                                                    "policyType":  2,
                                                                                    "enabled":  true
                                                                                }
                                                                            ],
                                                          "options":  [

                                                                      ],
                                                          "booleanActions":  0,
                                                          "policyType":  2,
                                                          "enabled":  false
                                                      }
}
