{
    "workprofile_androidforworkgeneral":  [
                                              {
                                                  "isSettingDescription":  false,
                                                  "showAsSectionHeader":  false,
                                                  "dataType":  8,
                                                  "category":  127,
                                                  "nameResourceKey":  "workProfileHeader",
                                                  "childSettings":  [

                                                                    ],
                                                  "options":  [

                                                              ],
                                                  "booleanActions":  0,
                                                  "policyType":  13,
                                                  "enabled":  true
                                              },
                                              {
                                                  "isSettingDescription":  false,
                                                  "showAsSectionHeader":  false,
                                                  "dataType":  8,
                                                  "category":  127,
                                                  "nameResourceKey":  "workProfileLearnMoreText",
                                                  "childSettings":  [

                                                                    ],
                                                  "options":  [

                                                              ],
                                                  "booleanActions":  0,
                                                  "policyType":  13,
                                                  "enabled":  true
                                              },
                                              {
                                                  "isSettingDescription":  false,
                                                  "showAsSectionHeader":  false,
                                                  "dataType":  8,
                                                  "category":  127,
                                                  "nameResourceKey":  "workProfileGeneralSettingsHeader",
                                                  "childSettings":  [

                                                                    ],
                                                  "options":  [

                                                              ],
                                                  "booleanActions":  0,
                                                  "policyType":  13,
                                                  "enabled":  true
                                              },
                                              {
                                                  "dataType":  0,
                                                  "category":  127,
                                                  "nameResourceKey":  "blockCrossProfileCopyPasteName",
                                                  "descriptionResourceKey":  "blockCrossProfileCopyPasteDescription",
                                                  "childSettings":  [

                                                                    ],
                                                  "options":  [

                                                              ],
                                                  "entityKey":  "blockCrossProfileCopyPaste",
                                                  "booleanActions":  3,
                                                  "defaultValue":  true,
                                                  "policyType":  13,
                                                  "enabled":  false
                                              },
                                              {
                                                  "dataType":  0,
                                                  "category":  127,
                                                  "nameResourceKey":  "blockCrossProfileCopyPasteName",
                                                  "descriptionResourceKey":  "blockCrossProfileCopyPasteDescription",
                                                  "childSettings":  [

                                                                    ],
                                                  "options":  [

                                                              ],
                                                  "entityKey":  "workProfileBlockCrossProfileCopyPaste",
                                                  "booleanActions":  3,
                                                  "defaultValue":  true,
                                                  "policyType":  13,
                                                  "enabled":  true
                                              },
                                              {
                                                  "dataType":  16,
                                                  "category":  127,
                                                  "nameResourceKey":  "dataSharingTypeName",
                                                  "descriptionResourceKey":  "dataSharingTypeDescription",
                                                  "childSettings":  [

                                                                    ],
                                                  "options":  [
                                                                  {
                                                                      "nameResourceKey":  "deviceDefault",
                                                                      "value":  "deviceDefault",
                                                                      "enabled":  true
                                                                  },
                                                                  {
                                                                      "nameResourceKey":  "allowPersonalToWork",
                                                                      "value":  "allowPersonalToWork",
                                                                      "enabled":  true
                                                                  },
                                                                  {
                                                                      "nameResourceKey":  "noRestrictions",
                                                                      "value":  "noRestrictions",
                                                                      "enabled":  true
                                                                  }
                                                              ],
                                                  "entityKey":  "workProfileDataSharingType",
                                                  "booleanActions":  0,
                                                  "defaultValue":  "deviceDefault",
                                                  "unconfiguredValue":  "deviceDefault",
                                                  "policyType":  13,
                                                  "enabled":  true
                                              },
                                              {
                                                  "dataType":  0,
                                                  "category":  127,
                                                  "nameResourceKey":  "blockNotificationsWhileDeviceLockedName",
                                                  "descriptionResourceKey":  "blockNotificationsWhileDeviceLockedDescription",
                                                  "childSettings":  [

                                                                    ],
                                                  "options":  [

                                                              ],
                                                  "entityKey":  "workProfileBlockNotificationsWhileDeviceLocked",
                                                  "booleanActions":  3,
                                                  "defaultValue":  false,
                                                  "policyType":  13,
                                                  "enabled":  true
                                              },
                                              {
                                                  "dataType":  16,
                                                  "category":  127,
                                                  "nameResourceKey":  "defaultAppPermissionPolicyName",
                                                  "descriptionResourceKey":  "defaultAppPermissionPolicyDescription",
                                                  "childSettings":  [

                                                                    ],
                                                  "options":  [
                                                                  {
                                                                      "nameResourceKey":  "deviceDefault",
                                                                      "value":  "deviceDefault",
                                                                      "enabled":  true
                                                                  },
                                                                  {
                                                                      "nameResourceKey":  "prompt",
                                                                      "value":  "prompt",
                                                                      "enabled":  true
                                                                  },
                                                                  {
                                                                      "nameResourceKey":  "autoGrant",
                                                                      "value":  "autoGrant",
                                                                      "enabled":  true
                                                                  },
                                                                  {
                                                                      "nameResourceKey":  "autoDeny",
                                                                      "value":  "autoDeny",
                                                                      "enabled":  true
                                                                  }
                                                              ],
                                                  "entityKey":  "workProfileDefaultAppPermissionPolicy",
                                                  "booleanActions":  0,
                                                  "defaultValue":  "deviceDefault",
                                                  "unconfiguredValue":  "deviceDefault",
                                                  "policyType":  13,
                                                  "enabled":  true
                                              },
                                              {
                                                  "dataType":  0,
                                                  "category":  127,
                                                  "nameResourceKey":  "blockAddingAccountsName",
                                                  "descriptionResourceKey":  "blockAddingAccountsDescription",
                                                  "childSettings":  [

                                                                    ],
                                                  "options":  [

                                                              ],
                                                  "entityKey":  "workProfileBlockAddingAccounts",
                                                  "booleanActions":  3,
                                                  "defaultValue":  false,
                                                  "policyType":  13,
                                                  "enabled":  false
                                              },
                                              {
                                                  "dataType":  16,
                                                  "category":  127,
                                                  "nameResourceKey":  "blockAddingAccountsName",
                                                  "descriptionResourceKey":  "blockAddingAccountsDescription",
                                                  "childSettings":  [

                                                                    ],
                                                  "options":  [
                                                                  {
                                                                      "nameResourceKey":  "allowAllAccountsExceptGoogle",
                                                                      "value":  "allowAllExceptGoogleAccounts",
                                                                      "enabled":  true
                                                                  },
                                                                  {
                                                                      "nameResourceKey":  "allowAllAccounts",
                                                                      "value":  "allowAll",
                                                                      "children":  [
                                                                                       {
                                                                                           "columns":  [
                                                                                                           {
                                                                                                               "metadata":  {
                                                                                                                                "dataType":  20,
                                                                                                                                "category":  127,
                                                                                                                                "nameResourceKey":  "domainAllowListTableName",
                                                                                                                                "emptyValueResourceKey":  "domainAllowListTableEmptyValueExample",
                                                                                                                                "childSettings":  [

                                                                                                                                                  ],
                                                                                                                                "options":  [

                                                                                                                                            ],
                                                                                                                                "entityKey":  "empty",
                                                                                                                                "booleanActions":  0,
                                                                                                                                "policyType":  13,
                                                                                                                                "enabled":  true
                                                                                                                            }
                                                                                                           }
                                                                                                       ],
                                                                                           "dataType":  21,
                                                                                           "category":  127,
                                                                                           "nameResourceKey":  "domainAllowListName",
                                                                                           "descriptionResourceKey":  "domainAllowListDescription",
                                                                                           "childSettings":  [

                                                                                                             ],
                                                                                           "options":  [

                                                                                                       ],
                                                                                           "entityKey":  "allowedGoogleAccountDomains",
                                                                                           "booleanActions":  0,
                                                                                           "policyType":  13,
                                                                                           "enabled":  false
                                                                                       }
                                                                                   ],
                                                                      "enabled":  true
                                                                  },
                                                                  {
                                                                      "nameResourceKey":  "blockAllAccounts",
                                                                      "value":  "blockAll",
                                                                      "enabled":  true
                                                                  }
                                                              ],
                                                  "entityKey":  "workProfileAccountUse",
                                                  "booleanActions":  0,
                                                  "defaultValue":  "allowAllExceptGoogleAccounts",
                                                  "unconfiguredValue":  "allowAllExceptGoogleAccounts",
                                                  "policyType":  13,
                                                  "enabled":  false
                                              },
                                              {
                                                  "dataType":  0,
                                                  "category":  127,
                                                  "nameResourceKey":  "bluetoothEnableContactSharingName",
                                                  "descriptionResourceKey":  "bluetoothEnableContactSharingDescription",
                                                  "childSettings":  [

                                                                    ],
                                                  "options":  [

                                                              ],
                                                  "entityKey":  "workProfileBluetoothEnableContactSharing",
                                                  "booleanActions":  2,
                                                  "defaultValue":  false,
                                                  "policyType":  13,
                                                  "enabled":  true
                                              },
                                              {
                                                  "dataType":  0,
                                                  "category":  127,
                                                  "nameResourceKey":  "blockScreenCaptureName",
                                                  "descriptionResourceKey":  "blockScreenCaptureDescription",
                                                  "childSettings":  [

                                                                    ],
                                                  "options":  [

                                                              ],
                                                  "entityKey":  "workProfileBlockScreenCapture",
                                                  "booleanActions":  3,
                                                  "defaultValue":  false,
                                                  "policyType":  13,
                                                  "enabled":  true
                                              },
                                              {
                                                  "dataType":  0,
                                                  "category":  127,
                                                  "nameResourceKey":  "blockCrossProfileCallerIdName",
                                                  "descriptionResourceKey":  "blockCrossProfileCallerIdDescription",
                                                  "childSettings":  [

                                                                    ],
                                                  "options":  [

                                                              ],
                                                  "entityKey":  "workProfileBlockCrossProfileCallerId",
                                                  "booleanActions":  3,
                                                  "defaultValue":  false,
                                                  "policyType":  13,
                                                  "enabled":  true
                                              },
                                              {
                                                  "dataType":  0,
                                                  "category":  127,
                                                  "nameResourceKey":  "blockCrossProfileContactsSearchName",
                                                  "descriptionResourceKey":  "blockCrossProfileContactsSearchDescription",
                                                  "childSettings":  [

                                                                    ],
                                                  "options":  [

                                                              ],
                                                  "entityKey":  "workProfileBlockCrossProfileContactsSearch",
                                                  "booleanActions":  3,
                                                  "defaultValue":  false,
                                                  "policyType":  13,
                                                  "enabled":  true
                                              },
                                              {
                                                  "dataType":  0,
                                                  "category":  127,
                                                  "nameResourceKey":  "blockWorkProfileCameraName",
                                                  "descriptionResourceKey":  "blockWorkProfileCameraDescription",
                                                  "childSettings":  [

                                                                    ],
                                                  "options":  [

                                                              ],
                                                  "entityKey":  "workProfileBlockCamera",
                                                  "booleanActions":  3,
                                                  "defaultValue":  false,
                                                  "policyType":  13,
                                                  "enabled":  true
                                              },
                                              {
                                                  "dataType":  0,
                                                  "category":  127,
                                                  "nameResourceKey":  "workProfileAllowWidgetsName",
                                                  "descriptionResourceKey":  "workProfileAllowWidgetsDescription",
                                                  "childSettings":  [

                                                                    ],
                                                  "options":  [

                                                              ],
                                                  "entityKey":  "workProfileAllowWidgets",
                                                  "booleanActions":  2,
                                                  "defaultValue":  false,
                                                  "policyType":  13,
                                                  "enabled":  true
                                              },
                                              {
                                                  "isSettingDescription":  false,
                                                  "showAsSectionHeader":  false,
                                                  "dataType":  8,
                                                  "category":  127,
                                                  "nameResourceKey":  "workProfilePasswordSettingsHeader",
                                                  "childSettings":  [

                                                                    ],
                                                  "options":  [

                                                              ],
                                                  "booleanActions":  0,
                                                  "policyType":  13,
                                                  "enabled":  true
                                              },
                                              {
                                                  "isSettingDescription":  false,
                                                  "showAsSectionHeader":  true,
                                                  "dataType":  8,
                                                  "category":  127,
                                                  "nameResourceKey":  "allAndroidVersionsPasswordHeader",
                                                  "childSettings":  [
                                                                        {
                                                                            "isSettingDescription":  false,
                                                                            "showAsSectionHeader":  false,
                                                                            "dataType":  8,
                                                                            "category":  127,
                                                                            "nameResourceKey":  "allAndroidVersionsPasswordHeaderDescription",
                                                                            "childSettings":  [

                                                                                              ],
                                                                            "options":  [

                                                                                        ],
                                                                            "booleanActions":  0,
                                                                            "policyType":  13,
                                                                            "enabled":  true
                                                                        }
                                                                    ],
                                                  "options":  [

                                                              ],
                                                  "booleanActions":  0,
                                                  "policyType":  13,
                                                  "enabled":  true
                                              },
                                              {
                                                  "dataType":  0,
                                                  "category":  127,
                                                  "nameResourceKey":  "workProfileRequirePasswordName",
                                                  "descriptionResourceKey":  "workProfileRequirePasswordDescription",
                                                  "childSettings":  [
                                                                        {
                                                                            "dataType":  16,
                                                                            "category":  127,
                                                                            "nameResourceKey":  "workProfileMinutesOfInactivityBeforeScreenTurnsOffName",
                                                                            "descriptionResourceKey":  "workProfileMinutesOfInactivityBeforeScreenTurnsOffDescription",
                                                                            "childSettings":  [

                                                                                              ],
                                                                            "options":  [
                                                                                            {
                                                                                                "nameResourceKey":  "notConfigured",
                                                                                                "enabled":  true
                                                                                            },
                                                                                            {
                                                                                                "nameResourceKey":  "oneMinuteOption",
                                                                                                "value":  1,
                                                                                                "enabled":  true
                                                                                            },
                                                                                            {
                                                                                                "nameResourceKey":  "fiveMinutesOption",
                                                                                                "value":  5,
                                                                                                "enabled":  true
                                                                                            },
                                                                                            {
                                                                                                "nameResourceKey":  "tenMinutesOption",
                                                                                                "value":  10,
                                                                                                "enabled":  true
                                                                                            },
                                                                                            {
                                                                                                "nameResourceKey":  "fifteenMinutesOption",
                                                                                                "value":  15,
                                                                                                "enabled":  true
                                                                                            },
                                                                                            {
                                                                                                "nameResourceKey":  "thirtyMinutesOption",
                                                                                                "value":  30,
                                                                                                "enabled":  true
                                                                                            },
                                                                                            {
                                                                                                "nameResourceKey":  "oneHourOption",
                                                                                                "value":  60,
                                                                                                "enabled":  true
                                                                                            }
                                                                                        ],
                                                                            "entityKey":  "workProfilePasswordMinutesOfInactivityBeforeScreenTimeout",
                                                                            "booleanActions":  0,
                                                                            "policyType":  13,
                                                                            "enabled":  true
                                                                        },
                                                                        {
                                                                            "dataType":  14,
                                                                            "category":  127,
                                                                            "nameResourceKey":  "workProfileNumberOfSignInFailuresBeforeWipeName",
                                                                            "descriptionResourceKey":  "workProfileNumberOfSignInFailuresBeforeWipeDescription",
                                                                            "emptyValueResourceKey":  "workProfileNumberOfSignInFailuresBeforeWipeEmptyValueKey",
                                                                            "childSettings":  [

                                                                                              ],
                                                                            "options":  [

                                                                                        ],
                                                                            "entityKey":  "workProfilePasswordSignInFailureCountBeforeFactoryReset",
                                                                            "booleanActions":  0,
                                                                            "defaultValue":  4,
                                                                            "policyType":  13,
                                                                            "enabled":  true
                                                                        },
                                                                        {
                                                                            "dataType":  14,
                                                                            "category":  127,
                                                                            "nameResourceKey":  "workProfilePasswordExpirationInDaysName",
                                                                            "descriptionResourceKey":  "workProfilePasswordExpirationInDaysDescription",
                                                                            "emptyValueResourceKey":  "workProfilePasswordExpirationInDaysEmptyValueKey",
                                                                            "childSettings":  [

                                                                                              ],
                                                                            "options":  [

                                                                                        ],
                                                                            "entityKey":  "workProfilePasswordExpirationDays",
                                                                            "booleanActions":  0,
                                                                            "defaultValue":  41,
                                                                            "policyType":  13,
                                                                            "enabled":  false
                                                                        },
                                                                        {
                                                                            "dataType":  14,
                                                                            "category":  127,
                                                                            "nameResourceKey":  "workProfilePasswordExpirationInDaysName",
                                                                            "descriptionResourceKey":  "workProfilePasswordExpirationInDaysDescription",
                                                                            "emptyValueResourceKey":  "workProfilePasswordExpirationInDaysEmptyValueOneYearKey",
                                                                            "childSettings":  [

                                                                                              ],
                                                                            "options":  [

                                                                                        ],
                                                                            "entityKey":  "workProfilePasswordExpirationDays",
                                                                            "booleanActions":  0,
                                                                            "defaultValue":  41,
                                                                            "policyType":  13,
                                                                            "enabled":  true
                                                                        },
                                                                        {
                                                                            "dataType":  14,
                                                                            "category":  127,
                                                                            "nameResourceKey":  "workProfileNumberOfPreviousPasswordsToBlockName",
                                                                            "descriptionResourceKey":  "workProfileNumberOfPreviousPasswordsToBlockDescription",
                                                                            "emptyValueResourceKey":  "workProfileNumberOfPreviousPasswordsToBlockEmptyValueKey",
                                                                            "childSettings":  [

                                                                                              ],
                                                                            "options":  [

                                                                                        ],
                                                                            "entityKey":  "workProfilePasswordPreviousPasswordBlockCount",
                                                                            "booleanActions":  0,
                                                                            "defaultValue":  5,
                                                                            "policyType":  13,
                                                                            "enabled":  true
                                                                        },
                                                                        {
                                                                            "dataType":  0,
                                                                            "category":  127,
                                                                            "nameResourceKey":  "workProfileBlockFaceUnlockName",
                                                                            "descriptionResourceKey":  "workProfileBlockFaceUnlockDescription",
                                                                            "childSettings":  [

                                                                                              ],
                                                                            "options":  [

                                                                                        ],
                                                                            "entityKey":  "workProfilePasswordBlockFaceUnlock",
                                                                            "booleanActions":  3,
                                                                            "defaultValue":  false,
                                                                            "policyType":  13,
                                                                            "enabled":  true
                                                                        },
                                                                        {
                                                                            "dataType":  0,
                                                                            "category":  127,
                                                                            "nameResourceKey":  "workProfileBlockFingerprintUnlockName",
                                                                            "descriptionResourceKey":  "workProfileBlockFingerprintUnlockDescription",
                                                                            "childSettings":  [

                                                                                              ],
                                                                            "options":  [

                                                                                        ],
                                                                            "entityKey":  "workProfilePasswordBlockFingerprintUnlock",
                                                                            "booleanActions":  3,
                                                                            "defaultValue":  false,
                                                                            "policyType":  13,
                                                                            "enabled":  true
                                                                        },
                                                                        {
                                                                            "dataType":  0,
                                                                            "category":  127,
                                                                            "nameResourceKey":  "workProfileBlockIrisUnlockName",
                                                                            "descriptionResourceKey":  "workProfileBlockIrisUnlockDescription",
                                                                            "childSettings":  [

                                                                                              ],
                                                                            "options":  [

                                                                                        ],
                                                                            "entityKey":  "workProfilePasswordBlockIrisUnlock",
                                                                            "booleanActions":  3,
                                                                            "defaultValue":  false,
                                                                            "policyType":  13,
                                                                            "enabled":  true
                                                                        },
                                                                        {
                                                                            "dataType":  0,
                                                                            "category":  127,
                                                                            "nameResourceKey":  "workProfileBlockSmartLockName",
                                                                            "descriptionResourceKey":  "workProfileBlockSmartLockDescription",
                                                                            "childSettings":  [

                                                                                              ],
                                                                            "options":  [

                                                                                        ],
                                                                            "entityKey":  "workProfilePasswordBlockTrustAgents",
                                                                            "booleanActions":  3,
                                                                            "defaultValue":  false,
                                                                            "policyType":  13,
                                                                            "enabled":  true
                                                                        },
                                                                        {
                                                                            "dataType":  0,
                                                                            "category":  127,
                                                                            "nameResourceKey":  "blockUnifiedPasswordForWorkProfileName",
                                                                            "descriptionResourceKey":  "blockUnifiedPasswordForWorkProfileDescription",
                                                                            "childSettings":  [

                                                                                              ],
                                                                            "options":  [

                                                                                        ],
                                                                            "entityKey":  "blockUnifiedPasswordForWorkProfile",
                                                                            "booleanActions":  3,
                                                                            "defaultValue":  false,
                                                                            "policyType":  13,
                                                                            "enabled":  false
                                                                        },
                                                                        {
                                                                            "isSettingDescription":  false,
                                                                            "showAsSectionHeader":  true,
                                                                            "dataType":  8,
                                                                            "category":  127,
                                                                            "nameResourceKey":  "androidTwelveAndAbovePasswordHeader",
                                                                            "childSettings":  [
                                                                                                  {
                                                                                                      "isSettingDescription":  false,
                                                                                                      "showAsSectionHeader":  false,
                                                                                                      "dataType":  8,
                                                                                                      "category":  127,
                                                                                                      "nameResourceKey":  "androidTwelveAndAbovePasswordHeaderDescription",
                                                                                                      "childSettings":  [

                                                                                                                        ],
                                                                                                      "options":  [

                                                                                                                  ],
                                                                                                      "booleanActions":  0,
                                                                                                      "policyType":  13,
                                                                                                      "enabled":  true
                                                                                                  }
                                                                                              ],
                                                                            "options":  [

                                                                                        ],
                                                                            "booleanActions":  0,
                                                                            "policyType":  13,
                                                                            "enabled":  true
                                                                        },
                                                                        {
                                                                            "dataType":  16,
                                                                            "category":  127,
                                                                            "nameResourceKey":  "workProfileRequiredPasswordComplexityName",
                                                                            "descriptionResourceKey":  "workProfileRequiredPasswordComplexityDescription",
                                                                            "childSettings":  [

                                                                                              ],
                                                                            "options":  [
                                                                                            {
                                                                                                "nameResourceKey":  "none",
                                                                                                "value":  "none",
                                                                                                "enabled":  true
                                                                                            },
                                                                                            {
                                                                                                "nameResourceKey":  "low",
                                                                                                "value":  "low",
                                                                                                "enabled":  true
                                                                                            },
                                                                                            {
                                                                                                "nameResourceKey":  "medium",
                                                                                                "value":  "medium",
                                                                                                "enabled":  true
                                                                                            },
                                                                                            {
                                                                                                "nameResourceKey":  "high",
                                                                                                "value":  "high",
                                                                                                "enabled":  true
                                                                                            }
                                                                                        ],
                                                                            "entityKey":  "workProfileRequiredPasswordComplexity",
                                                                            "booleanActions":  0,
                                                                            "defaultValue":  "none",
                                                                            "unconfiguredValue":  "none",
                                                                            "policyType":  13,
                                                                            "enabled":  true
                                                                        },
                                                                        {
                                                                            "isSettingDescription":  false,
                                                                            "showAsSectionHeader":  true,
                                                                            "dataType":  8,
                                                                            "category":  127,
                                                                            "nameResourceKey":  "androidElevenAndBelowPasswordHeader",
                                                                            "childSettings":  [
                                                                                                  {
                                                                                                      "isSettingDescription":  false,
                                                                                                      "showAsSectionHeader":  false,
                                                                                                      "dataType":  8,
                                                                                                      "category":  127,
                                                                                                      "nameResourceKey":  "androidElevenAndBelowPasswordHeaderDescription",
                                                                                                      "childSettings":  [

                                                                                                                        ],
                                                                                                      "options":  [

                                                                                                                  ],
                                                                                                      "booleanActions":  0,
                                                                                                      "policyType":  13,
                                                                                                      "enabled":  true
                                                                                                  }
                                                                                              ],
                                                                            "options":  [

                                                                                        ],
                                                                            "booleanActions":  0,
                                                                            "policyType":  13,
                                                                            "enabled":  true
                                                                        },
                                                                        {
                                                                            "dataType":  16,
                                                                            "category":  127,
                                                                            "nameResourceKey":  "workProfileRequiredPasswordTypeName",
                                                                            "descriptionResourceKey":  "workProfileRequiredPasswordTypeDescription",
                                                                            "emptyValueResourceKey":  "workProfilePasswordExpirationInDaysEmptyValueKey",
                                                                            "childSettings":  [

                                                                                              ],
                                                                            "options":  [
                                                                                            {
                                                                                                "nameResourceKey":  "deviceDefault",
                                                                                                "value":  "deviceDefault",
                                                                                                "enabled":  true
                                                                                            },
                                                                                            {
                                                                                                "nameResourceKey":  "lowSecurityBiometricOption",
                                                                                                "value":  "lowSecurityBiometric",
                                                                                                "enabled":  true
                                                                                            },
                                                                                            {
                                                                                                "nameResourceKey":  "required",
                                                                                                "value":  "required",
                                                                                                "enabled":  true
                                                                                            },
                                                                                            {
                                                                                                "nameResourceKey":  "atLeastNumericOption",
                                                                                                "value":  "atLeastNumeric",
                                                                                                "enabled":  true
                                                                                            },
                                                                                            {
                                                                                                "nameResourceKey":  "numericComplex",
                                                                                                "value":  "numericComplex",
                                                                                                "enabled":  true
                                                                                            },
                                                                                            {
                                                                                                "nameResourceKey":  "atLeastAlphabeticOption",
                                                                                                "value":  "atLeastAlphabetic",
                                                                                                "enabled":  true
                                                                                            },
                                                                                            {
                                                                                                "nameResourceKey":  "atLeastAlphanumericOption",
                                                                                                "value":  "atLeastAlphanumeric",
                                                                                                "enabled":  true
                                                                                            },
                                                                                            {
                                                                                                "nameResourceKey":  "atLeastAlphanumericWithSymbolsOption",
                                                                                                "value":  "alphanumericWithSymbols",
                                                                                                "enabled":  true
                                                                                            }
                                                                                        ],
                                                                            "entityKey":  "workProfilePasswordRequiredType",
                                                                            "booleanActions":  0,
                                                                            "defaultValue":  "deviceDefault",
                                                                            "unconfiguredValue":  "deviceDefault",
                                                                            "policyType":  13,
                                                                            "enabled":  false
                                                                        },
                                                                        {
                                                                            "dataType":  16,
                                                                            "category":  127,
                                                                            "nameResourceKey":  "workProfileRequiredPasswordTypeName",
                                                                            "descriptionResourceKey":  "workProfileRequiredPasswordTypeDescription",
                                                                            "emptyValueResourceKey":  "workProfilePasswordExpirationInDaysEmptyValueOneYearKey",
                                                                            "childSettings":  [

                                                                                              ],
                                                                            "options":  [
                                                                                            {
                                                                                                "nameResourceKey":  "deviceDefault",
                                                                                                "value":  "deviceDefault",
                                                                                                "enabled":  true
                                                                                            },
                                                                                            {
                                                                                                "nameResourceKey":  "lowSecurityBiometricOption",
                                                                                                "value":  "lowSecurityBiometric",
                                                                                                "enabled":  true
                                                                                            },
                                                                                            {
                                                                                                "nameResourceKey":  "required",
                                                                                                "value":  "required",
                                                                                                "enabled":  true
                                                                                            },
                                                                                            {
                                                                                                "nameResourceKey":  "atLeastNumericOption",
                                                                                                "value":  "atLeastNumeric",
                                                                                                "enabled":  true
                                                                                            },
                                                                                            {
                                                                                                "nameResourceKey":  "numericComplex",
                                                                                                "value":  "numericComplex",
                                                                                                "enabled":  true
                                                                                            },
                                                                                            {
                                                                                                "nameResourceKey":  "atLeastAlphabeticOption",
                                                                                                "value":  "atLeastAlphabetic",
                                                                                                "enabled":  true
                                                                                            },
                                                                                            {
                                                                                                "nameResourceKey":  "atLeastAlphanumericOption",
                                                                                                "value":  "atLeastAlphanumeric",
                                                                                                "enabled":  true
                                                                                            },
                                                                                            {
                                                                                                "nameResourceKey":  "atLeastAlphanumericWithSymbolsOption",
                                                                                                "value":  "alphanumericWithSymbols",
                                                                                                "enabled":  true
                                                                                            }
                                                                                        ],
                                                                            "entityKey":  "workProfilePasswordRequiredType",
                                                                            "booleanActions":  0,
                                                                            "defaultValue":  "deviceDefault",
                                                                            "unconfiguredValue":  "deviceDefault",
                                                                            "policyType":  13,
                                                                            "enabled":  true
                                                                        },
                                                                        {
                                                                            "dataType":  14,
                                                                            "category":  127,
                                                                            "nameResourceKey":  "workProfileMinimumPasswordLengthName",
                                                                            "descriptionResourceKey":  "workProfileMinimumPasswordLengthDescription",
                                                                            "emptyValueResourceKey":  "workProfileMinimumPasswordLengthEmptyValueKey",
                                                                            "childSettings":  [

                                                                                              ],
                                                                            "options":  [

                                                                                        ],
                                                                            "entityKey":  "workProfilePasswordMinimumLength",
                                                                            "booleanActions":  0,
                                                                            "defaultValue":  4,
                                                                            "policyType":  13,
                                                                            "enabled":  true
                                                                        }
                                                                    ],
                                                  "options":  [

                                                              ],
                                                  "entityKey":  "workProfileRequirePassword",
                                                  "booleanActions":  1,
                                                  "defaultValue":  false,
                                                  "policyType":  13,
                                                  "enabled":  true
                                              }
                                          ]
}
