{
    "zebramx_androidzebramx":  [
                                   {
                                       "isSettingDescription":  false,
                                       "showAsSectionHeader":  false,
                                       "dataType":  8,
                                       "category":  145,
                                       "nameResourceKey":  "androidZebraMxConfigurationLearnMore",
                                       "childSettings":  [

                                                         ],
                                       "options":  [

                                                   ],
                                       "booleanActions":  0,
                                       "policyType":  27,
                                       "enabled":  true
                                   },
                                   {
                                       "dataEntityKey":  "configurationXml",
                                       "filenameEntityKey":  "configurationXmlFilename",
                                       "dataType":  2,
                                       "category":  145,
                                       "nameResourceKey":  "androidZebraMxConfigurationXmlName",
                                       "descriptionResourceKey":  "androidZebraMxConfigurationFileXmlName",
                                       "childSettings":  [

                                                         ],
                                       "options":  [

                                                   ],
                                       "entityKey":  "configurationXml",
                                       "booleanActions":  0,
                                       "policyType":  27,
                                       "enabled":  true
                                   }
                               ]
}
